{"timestamp":"2026-01-04 05:37:44,251","level":"INFO","logger":"codeintel.cli.resolution.runtime","message":"project.runtime repo=github.com/paul-heyse/CodeIntel commit=3c5af2164daa028b369ed5d8f6a460dc1b2f085d root=/Users/paulheyse/CodeIntel/CodeIntel db=/Users/paulheyse/CodeIntel/CodeIntel/.codeintel/duckdb.db","trace_id":"7fad4b77cff4cbfbab80bf5efe8f624d","span_id":"4f23802292a0e9ae"}
Arrow contract drift detected (missing=168 missing_metadata=0 hash=0 digest=0): analytics.cfg_block_metrics, analytics.cfg_function_metrics, analytics.cfg_function_metrics_ext, analytics.config_data_flow, analytics.config_graph_metrics_keys, analytics.config_graph_metrics_modules, analytics.config_projection_key_edges, analytics.config_projection_module_edges, analytics.config_values, analytics.coverage_lines
Transient error StatusCode.UNAVAILABLE encountered while exporting traces to localhost:4317, retrying in 1.14s.
Failed to export traces to localhost:4317, error code: StatusCode.UNAVAILABLE
Transient error StatusCode.UNAVAILABLE encountered while exporting traces to localhost:4317, retrying in 0.80s.
Failed to export traces to localhost:4317, error code: StatusCode.UNAVAILABLE
Transient error StatusCode.UNAVAILABLE encountered while exporting traces to localhost:4317, retrying in 1.18s.
-------------------------------------------------------------------
Oh no an error! Need help with Hamilton?
Join our slack and ask for help! https://join.slack.com/t/hamilton-opensource/shared_invite/zt-2niepkra8-DGKGf_tTYhXuJWBTXtIs4g
-------------------------------------------------------------------

-------------------------------------------------------------------
Oh no an error! Need help with Hamilton?
Join our slack and ask for help! https://join.slack.com/t/hamilton-opensource/shared_invite/zt-2niepkra8-DGKGf_tTYhXuJWBTXtIs4g
-------------------------------------------------------------------

Failed to export traces to localhost:4317, error code: StatusCode.UNAVAILABLE
Transient error StatusCode.UNAVAILABLE encountered while exporting traces to localhost:4317, retrying in 0.86s.
-------------------------------------------------------------------
Oh no an error! Need help with Hamilton?
Join our slack and ask for help! https://join.slack.com/t/hamilton-opensource/shared_invite/zt-2niepkra8-DGKGf_tTYhXuJWBTXtIs4g
-------------------------------------------------------------------

-------------------------------------------------------------------
Oh no an error! Need help with Hamilton?
Join our slack and ask for help! https://join.slack.com/t/hamilton-opensource/shared_invite/zt-2niepkra8-DGKGf_tTYhXuJWBTXtIs4g
-------------------------------------------------------------------

-------------------------------------------------------------------
Oh no an error! Need help with Hamilton?
Join our slack and ask for help! https://join.slack.com/t/hamilton-opensource/shared_invite/zt-2niepkra8-DGKGf_tTYhXuJWBTXtIs4g
-------------------------------------------------------------------

-------------------------------------------------------------------
Oh no an error! Need help with Hamilton?
Join our slack and ask for help! https://join.slack.com/t/hamilton-opensource/shared_invite/zt-2niepkra8-DGKGf_tTYhXuJWBTXtIs4g
-------------------------------------------------------------------

-------------------------------------------------------------------
Oh no an error! Need help with Hamilton?
Join our slack and ask for help! https://join.slack.com/t/hamilton-opensource/shared_invite/zt-2niepkra8-DGKGf_tTYhXuJWBTXtIs4g
-------------------------------------------------------------------

-------------------------------------------------------------------
Oh no an error! Need help with Hamilton?
Join our slack and ask for help! https://join.slack.com/t/hamilton-opensource/shared_invite/zt-2niepkra8-DGKGf_tTYhXuJWBTXtIs4g
-------------------------------------------------------------------

-------------------------------------------------------------------
Oh no an error! Need help with Hamilton?
Join our slack and ask for help! https://join.slack.com/t/hamilton-opensource/shared_invite/zt-2niepkra8-DGKGf_tTYhXuJWBTXtIs4g
-------------------------------------------------------------------

-------------------------------------------------------------------
Oh no an error! Need help with Hamilton?
Join our slack and ask for help! https://join.slack.com/t/hamilton-opensource/shared_invite/zt-2niepkra8-DGKGf_tTYhXuJWBTXtIs4g
-------------------------------------------------------------------

-------------------------------------------------------------------
Oh no an error! Need help with Hamilton?
Join our slack and ask for help! https://join.slack.com/t/hamilton-opensource/shared_invite/zt-2niepkra8-DGKGf_tTYhXuJWBTXtIs4g
-------------------------------------------------------------------

-------------------------------------------------------------------
Oh no an error! Need help with Hamilton?
Join our slack and ask for help! https://join.slack.com/t/hamilton-opensource/shared_invite/zt-2niepkra8-DGKGf_tTYhXuJWBTXtIs4g
-------------------------------------------------------------------

Dataset snapshot missing for core.modules@3c5af2164daa028b369ed5d8f6a460dc1b2f085d
Dataset snapshot missing for core.goids@3c5af2164daa028b369ed5d8f6a460dc1b2f085d
Dataset snapshot missing for core.goids@3c5af2164daa028b369ed5d8f6a460dc1b2f085d
Dataset snapshot missing for core.goids@3c5af2164daa028b369ed5d8f6a460dc1b2f085d
Dataset snapshot missing for core.goids@3c5af2164daa028b369ed5d8f6a460dc1b2f085d
Dataset snapshot missing for graph.call_graph_nodes@3c5af2164daa028b369ed5d8f6a460dc1b2f085d
Dataset snapshot missing for graph.call_graph_edges@3c5af2164daa028b369ed5d8f6a460dc1b2f085d
Dataset snapshot missing for core.goids@3c5af2164daa028b369ed5d8f6a460dc1b2f085d
Dataset snapshot missing for core.modules@3c5af2164daa028b369ed5d8f6a460dc1b2f085d
Skipping graph validation check missing_function_goids; missing Parquet tables: core.ast_nodes, core.goids
Skipping graph validation check callsite_span_mismatch; missing Parquet tables: graph.call_graph_edges
Skipping graph validation check orphan_modules; missing Parquet tables: core.modules, core.goids
Dataset snapshot missing for core.py_sym_bindings@3c5af2164daa028b369ed5d8f6a460dc1b2f085d
Dataset snapshot missing for core.py_sym_resolution_edges@3c5af2164daa028b369ed5d8f6a460dc1b2f085d
Dataset snapshot missing for core.py_sym_scopes@3c5af2164daa028b369ed5d8f6a460dc1b2f085d
Dataset snapshot missing for core.py_sym_function_partitions@3c5af2164daa028b369ed5d8f6a460dc1b2f085d
Dataset snapshot missing for core.py_bc_code_units@3c5af2164daa028b369ed5d8f6a460dc1b2f085d
Dataset snapshot missing for core.py_bc_cfg_edges@3c5af2164daa028b369ed5d8f6a460dc1b2f085d
Dataset snapshot missing for core.py_bc_blocks@3c5af2164daa028b369ed5d8f6a460dc1b2f085d
Dataset snapshot missing for graph.cpg_edges@3c5af2164daa028b369ed5d8f6a460dc1b2f085d
Dataset snapshot missing for core.py_bc_defuse_events@3c5af2164daa028b369ed5d8f6a460dc1b2f085d
Dataset snapshot missing for graph.cpg_edges@3c5af2164daa028b369ed5d8f6a460dc1b2f085d
Dataset snapshot missing for core.py_bc_defuse_events@3c5af2164daa028b369ed5d8f6a460dc1b2f085d
Dataset snapshot missing for graph.cpg_edges@3c5af2164daa028b369ed5d8f6a460dc1b2f085d
Dataset snapshot missing for core.py_bc_defuse_events@3c5af2164daa028b369ed5d8f6a460dc1b2f085d
Dataset snapshot missing for graph.cpg_edges@3c5af2164daa028b369ed5d8f6a460dc1b2f085d
Validation table missing: graph.call_graph_edges
Validation table missing: graph.import_graph_edges
Validation table missing: graph.symbol_use_edges
Validation table missing: analytics.config_values
Skipping graph validation check symbol_communities; missing Parquet tables: analytics.symbol_graph_metrics_modules
Skipping graph validation check subsystem_disagreement; missing Parquet tables: analytics.subsystem_agreement
-------------------------------------------------------------------
Oh no an error! Need help with Hamilton?
Join our slack and ask for help! https://join.slack.com/t/hamilton-opensource/shared_invite/zt-2niepkra8-DGKGf_tTYhXuJWBTXtIs4g
-------------------------------------------------------------------

-------------------------------------------------------------------
Oh no an error! Need help with Hamilton?
Join our slack and ask for help! https://join.slack.com/t/hamilton-opensource/shared_invite/zt-2niepkra8-DGKGf_tTYhXuJWBTXtIs4g
-------------------------------------------------------------------

-------------------------------------------------------------------
Oh no an error! Need help with Hamilton?
Join our slack and ask for help! https://join.slack.com/t/hamilton-opensource/shared_invite/zt-2niepkra8-DGKGf_tTYhXuJWBTXtIs4g
-------------------------------------------------------------------

-------------------------------------------------------------------
Oh no an error! Need help with Hamilton?
Join our slack and ask for help! https://join.slack.com/t/hamilton-opensource/shared_invite/zt-2niepkra8-DGKGf_tTYhXuJWBTXtIs4g
-------------------------------------------------------------------

-------------------------------------------------------------------
Oh no an error! Need help with Hamilton?
Join our slack and ask for help! https://join.slack.com/t/hamilton-opensource/shared_invite/zt-2niepkra8-DGKGf_tTYhXuJWBTXtIs4g
-------------------------------------------------------------------

-------------------------------------------------------------------
Oh no an error! Need help with Hamilton?
Join our slack and ask for help! https://join.slack.com/t/hamilton-opensource/shared_invite/zt-2niepkra8-DGKGf_tTYhXuJWBTXtIs4g
-------------------------------------------------------------------

graph.validation.warn {
  "errors": [],
  "summary": {
    "error_count": 0,
    "warning_count": 114
  },
  "warnings": [
    {
      "code": "missing_anchor_tag",
      "message": "Target anchor missing kind tag",
      "module": "codeintel.build.hamilton.native.ingestion.extraction_targets",
      "module_import": "codeintel.build.hamilton.native.ingestion.extraction_targets",
      "node": "t__ast",
      "origin": "core",
      "severity": "warning",
      "target": "ast"
    },
    {
      "code": "missing_anchor_tag",
      "message": "Target anchor missing kind tag",
      "module": "codeintel.build.hamilton.native.ingestion.extraction_targets",
      "module_import": "codeintel.build.hamilton.native.ingestion.extraction_targets",
      "node": "t__bytecode",
      "origin": "core",
      "severity": "warning",
      "target": "bytecode"
    },
    {
      "code": "missing_anchor_tag",
      "message": "Target anchor missing kind tag",
      "module": "codeintel.build.hamilton.native.graphs.graph_targets",
      "module_import": "codeintel.build.hamilton.native.graphs.graph_targets",
      "node": "t__call_graph",
      "origin": "core",
      "severity": "warning",
      "target": "call_graph"
    },
    {
      "code": "missing_anchor_tag",
      "message": "Target anchor missing kind tag",
      "module": "codeintel.build.hamilton.native.graphs.graph_targets",
      "module_import": "codeintel.build.hamilton.native.graphs.graph_targets",
      "node": "t__call_wiring",
      "origin": "core",
      "severity": "warning",
      "target": "call_wiring"
    },
    {
      "code": "missing_anchor_tag",
      "message": "Target anchor missing kind tag",
      "module": "codeintel.build.hamilton.native.graphs.graph_targets",
      "module_import": "codeintel.build.hamilton.native.graphs.graph_targets",
      "node": "t__cdg",
      "origin": "core",
      "severity": "warning",
      "target": "cdg"
    },
    {
      "code": "missing_anchor_tag",
      "message": "Target anchor missing kind tag",
      "module": "codeintel.build.hamilton.native.graphs.graph_targets",
      "module_import": "codeintel.build.hamilton.native.graphs.graph_targets",
      "node": "t__cfg",
      "origin": "core",
      "severity": "warning",
      "target": "cfg"
    },
    {
      "code": "missing_anchor_tag",
      "message": "Target anchor missing kind tag",
      "module": "codeintel.build.hamilton.native.analytics.cfg_dfg_metrics",
      "module_import": "codeintel.build.hamilton.native.analytics.cfg_dfg_metrics",
      "node": "t__cfg_dfg_metrics",
      "origin": "core",
      "severity": "warning",
      "target": "cfg_dfg_metrics"
    },
    {
      "code": "missing_anchor_tag",
      "message": "Target anchor missing kind tag",
      "module": "codeintel.build.hamilton.native.planning.plan_targets",
      "module_import": "codeintel.build.hamilton.native.planning.plan_targets",
      "node": "t__ci_plan",
      "origin": "core",
      "severity": "warning",
      "target": "ci_plan"
    },
    {
      "code": "missing_anchor_tag",
      "message": "Target anchor missing kind tag",
      "module": "codeintel.build.hamilton.native.analytics.config_graphs",
      "module_import": "codeintel.build.hamilton.native.analytics.config_graphs",
      "node": "t__config_data_flow",
      "origin": "core",
      "severity": "warning",
      "target": "config_data_flow"
    },
    {
      "code": "missing_anchor_tag",
      "message": "Target anchor missing kind tag",
      "module": "codeintel.build.hamilton.native.analytics.config_graphs",
      "module_import": "codeintel.build.hamilton.native.analytics.config_graphs",
      "node": "t__config_graph_metrics",
      "origin": "core",
      "severity": "warning",
      "target": "config_graph_metrics"
    },
    {
      "code": "missing_anchor_tag",
      "message": "Target anchor missing kind tag",
      "module": "codeintel.build.hamilton.native.ingestion.ingest_targets",
      "module_import": "codeintel.build.hamilton.native.ingestion.ingest_targets",
      "node": "t__config_ingest",
      "origin": "core",
      "severity": "warning",
      "target": "config_ingest"
    },
    {
      "code": "missing_anchor_tag",
      "message": "Target anchor missing kind tag",
      "module": "codeintel.build.hamilton.native.graphs.graph_targets",
      "module_import": "codeintel.build.hamilton.native.graphs.graph_targets",
      "node": "t__cpg",
      "origin": "core",
      "severity": "warning",
      "target": "cpg"
    },
    {
      "code": "missing_anchor_tag",
      "message": "Target anchor missing kind tag",
      "module": "codeintel.build.hamilton.native.ingestion.extraction_targets",
      "module_import": "codeintel.build.hamilton.native.ingestion.extraction_targets",
      "node": "t__cst",
      "origin": "core",
      "severity": "warning",
      "target": "cst"
    },
    {
      "code": "missing_anchor_tag",
      "message": "Target anchor missing kind tag",
      "module": "codeintel.build.hamilton.native.analytics.data_models",
      "module_import": "codeintel.build.hamilton.native.analytics.data_models",
      "node": "t__data_model_usage",
      "origin": "core",
      "severity": "warning",
      "target": "data_model_usage"
    },
    {
      "code": "missing_anchor_tag",
      "message": "Target anchor missing kind tag",
      "module": "codeintel.build.hamilton.native.analytics.data_models",
      "module_import": "codeintel.build.hamilton.native.analytics.data_models",
      "node": "t__data_models",
      "origin": "core",
      "severity": "warning",
      "target": "data_models"
    },
    {
      "code": "missing_anchor_tag",
      "message": "Target anchor missing kind tag",
      "module": "codeintel.build.hamilton.native.export.decision_trace",
      "module_import": "codeintel.build.hamilton.native.export.decision_trace",
      "node": "t__decision_trace",
      "origin": "core",
      "severity": "warning",
      "target": "decision_trace"
    },
    {
      "code": "missing_anchor_tag",
      "message": "Target anchor missing kind tag",
      "module": "codeintel.build.hamilton.native.graphs.graph_targets",
      "module_import": "codeintel.build.hamilton.native.graphs.graph_targets",
      "node": "t__dfg",
      "origin": "core",
      "severity": "warning",
      "target": "dfg"
    },
    {
      "code": "missing_anchor_tag",
      "message": "Target anchor missing kind tag",
      "module": "codeintel.build.hamilton.native.ingestion.extraction_targets",
      "module_import": "codeintel.build.hamilton.native.ingestion.extraction_targets",
      "node": "t__docstrings",
      "origin": "core",
      "severity": "warning",
      "target": "docstrings"
    },
    {
      "code": "missing_anchor_tag",
      "message": "Target anchor missing kind tag",
      "module": "codeintel.build.hamilton.native.analytics.entrypoints",
      "module_import": "codeintel.build.hamilton.native.analytics.entrypoints",
      "node": "t__entrypoints",
      "origin": "core",
      "severity": "warning",
      "target": "entrypoints"
    },
    {
      "code": "missing_anchor_tag",
      "message": "Target anchor missing kind tag",
      "module": "codeintel.build.hamilton.native.export.export_targets",
      "module_import": "codeintel.build.hamilton.native.export.export_targets",
      "node": "t__export_jsonl",
      "origin": "core",
      "severity": "warning",
      "target": "export_jsonl"
    },
    {
      "code": "missing_anchor_tag",
      "message": "Target anchor missing kind tag",
      "module": "codeintel.build.hamilton.native.export.export_targets",
      "module_import": "codeintel.build.hamilton.native.export.export_targets",
      "node": "t__export_parquet",
      "origin": "core",
      "severity": "warning",
      "target": "export_parquet"
    },
    {
      "code": "missing_anchor_tag",
      "message": "Target anchor missing kind tag",
      "module": "codeintel.build.hamilton.native.analytics.tables_dependencies",
      "module_import": "codeintel.build.hamilton.native.analytics.tables_dependencies",
      "node": "t__external_deps",
      "origin": "core",
      "severity": "warning",
      "target": "external_deps"
    },
    {
      "code": "missing_anchor_tag",
      "message": "Target anchor missing kind tag",
      "module": "codeintel.build.hamilton.native.ingestion.file_line_index",
      "module_import": "codeintel.build.hamilton.native.ingestion.file_line_index",
      "node": "t__file_line_index",
      "origin": "core",
      "severity": "warning",
      "target": "file_line_index"
    },
    {
      "code": "missing_anchor_tag",
      "message": "Target anchor missing kind tag",
      "module": "codeintel.build.hamilton.native.analytics.function_ast_features",
      "module_import": "codeintel.build.hamilton.native.analytics.function_ast_features",
      "node": "t__function_ast_features",
      "origin": "core",
      "severity": "warning",
      "target": "function_ast_features"
    },
    {
      "code": "missing_anchor_tag",
      "message": "Target anchor missing kind tag",
      "module": "codeintel.build.hamilton.native.analytics.function_contracts",
      "module_import": "codeintel.build.hamilton.native.analytics.function_contracts",
      "node": "t__function_contracts",
      "origin": "core",
      "severity": "warning",
      "target": "function_contracts"
    },
    {
      "code": "missing_anchor_tag",
      "message": "Target anchor missing kind tag",
      "module": "codeintel.build.hamilton.native.analytics.function_effects",
      "module_import": "codeintel.build.hamilton.native.analytics.function_effects",
      "node": "t__function_effects",
      "origin": "core",
      "severity": "warning",
      "target": "function_effects"
    },
    {
      "code": "missing_anchor_tag",
      "message": "Target anchor missing kind tag",
      "module": "codeintel.build.hamilton.native.analytics.function_types",
      "module_import": "codeintel.build.hamilton.native.analytics.function_types",
      "node": "t__function_types",
      "origin": "core",
      "severity": "warning",
      "target": "function_types"
    },
    {
      "code": "missing_anchor_tag",
      "message": "Target anchor missing kind tag",
      "module": "codeintel.build.hamilton.native.analytics.function_validation",
      "module_import": "codeintel.build.hamilton.native.analytics.function_validation",
      "node": "t__function_validation",
      "origin": "core",
      "severity": "warning",
      "target": "function_validation"
    },
    {
      "code": "missing_anchor_tag",
      "message": "Target anchor missing kind tag",
      "module": "codeintel.build.hamilton.native.graphs.goids",
      "module_import": "codeintel.build.hamilton.native.graphs.goids",
      "node": "t__goids",
      "origin": "core",
      "severity": "warning",
      "target": "goids"
    },
    {
      "code": "missing_anchor_tag",
      "message": "Target anchor missing kind tag",
      "module": "codeintel.build.hamilton.native.analytics.graph_metrics",
      "module_import": "codeintel.build.hamilton.native.analytics.graph_metrics",
      "node": "t__graph_metrics",
      "origin": "core",
      "severity": "warning",
      "target": "graph_metrics"
    },
    {
      "code": "missing_anchor_tag",
      "message": "Target anchor missing kind tag",
      "module": "codeintel.build.hamilton.native.analytics.graph_metrics",
      "module_import": "codeintel.build.hamilton.native.analytics.graph_metrics",
      "node": "t__graph_metrics_ext",
      "origin": "core",
      "severity": "warning",
      "target": "graph_metrics_ext"
    },
    {
      "code": "missing_anchor_tag",
      "message": "Target anchor missing kind tag",
      "module": "codeintel.build.hamilton.native.analytics.graph_metrics",
      "module_import": "codeintel.build.hamilton.native.analytics.graph_metrics",
      "node": "t__graph_stats",
      "origin": "core",
      "severity": "warning",
      "target": "graph_stats"
    },
    {
      "code": "missing_anchor_tag",
      "message": "Target anchor missing kind tag",
      "module": "codeintel.build.hamilton.native.analytics.graph_validation",
      "module_import": "codeintel.build.hamilton.native.analytics.graph_validation",
      "node": "t__graph_validation",
      "origin": "core",
      "severity": "warning",
      "target": "graph_validation"
    },
    {
      "code": "missing_anchor_tag",
      "message": "Target anchor missing kind tag",
      "module": "codeintel.build.hamilton.native.graphs.graph_targets",
      "module_import": "codeintel.build.hamilton.native.graphs.graph_targets",
      "node": "t__import_graph",
      "origin": "core",
      "severity": "warning",
      "target": "import_graph"
    },
    {
      "code": "missing_anchor_tag",
      "message": "Target anchor missing kind tag",
      "module": "codeintel.build.hamilton.native.ingestion.extraction_targets",
      "module_import": "codeintel.build.hamilton.native.ingestion.extraction_targets",
      "node": "t__inspect",
      "origin": "core",
      "severity": "warning",
      "target": "inspect"
    },
    {
      "code": "missing_anchor_tag",
      "message": "Target anchor missing kind tag",
      "module": "codeintel.build.hamilton.native.ingestion.ingest_targets",
      "module_import": "codeintel.build.hamilton.native.ingestion.ingest_targets",
      "node": "t__modules",
      "origin": "core",
      "severity": "warning",
      "target": "modules"
    },
    {
      "code": "missing_anchor_tag",
      "message": "Target anchor missing kind tag",
      "module": "codeintel.build.hamilton.native.graphs.graph_targets",
      "module_import": "codeintel.build.hamilton.native.graphs.graph_targets",
      "node": "t__pdg",
      "origin": "core",
      "severity": "warning",
      "target": "pdg"
    },
    {
      "code": "missing_anchor_tag",
      "message": "Target anchor missing kind tag",
      "module": "codeintel.build.hamilton.native.analytics.py_cpg_quality_report",
      "module_import": "codeintel.build.hamilton.native.analytics.py_cpg_quality_report",
      "node": "t__py_cpg_quality_report",
      "origin": "core",
      "severity": "warning",
      "target": "py_cpg_quality_report"
    },
    {
      "code": "missing_anchor_tag",
      "message": "Target anchor missing kind tag",
      "module": "codeintel.build.hamilton.native.ingestion.scip",
      "module_import": "codeintel.build.hamilton.native.ingestion.scip",
      "node": "t__scip",
      "origin": "core",
      "severity": "warning",
      "target": "scip"
    },
    {
      "code": "missing_anchor_tag",
      "message": "Target anchor missing kind tag",
      "module": "codeintel.build.hamilton.native.ingestion.scip_proto",
      "module_import": "codeintel.build.hamilton.native.ingestion.scip_proto",
      "node": "t__scip_proto",
      "origin": "core",
      "severity": "warning",
      "target": "scip_proto"
    },
    {
      "code": "missing_anchor_tag",
      "message": "Target anchor missing kind tag",
      "module": "codeintel.build.hamilton.native.ingestion.scip_resolution",
      "module_import": "codeintel.build.hamilton.native.ingestion.scip_resolution",
      "node": "t__scip_resolution",
      "origin": "core",
      "severity": "warning",
      "target": "scip_resolution"
    },
    {
      "code": "missing_anchor_tag",
      "message": "Target anchor missing kind tag",
      "module": "codeintel.build.hamilton.native.analytics.semantic_roles",
      "module_import": "codeintel.build.hamilton.native.analytics.semantic_roles",
      "node": "t__semantic_roles",
      "origin": "core",
      "severity": "warning",
      "target": "semantic_roles"
    },
    {
      "code": "missing_anchor_tag",
      "message": "Target anchor missing kind tag",
      "module": "codeintel.build.hamilton.native.export.serving_artifacts",
      "module_import": "codeintel.build.hamilton.native.export.serving_artifacts",
      "node": "t__serving_artifacts",
      "origin": "core",
      "severity": "warning",
      "target": "serving_artifacts"
    },
    {
      "code": "missing_anchor_tag",
      "message": "Target anchor missing kind tag",
      "module": "codeintel.build.hamilton.native.analytics.subsystem_agreement",
      "module_import": "codeintel.build.hamilton.native.analytics.subsystem_agreement",
      "node": "t__subsystem_agreement",
      "origin": "core",
      "severity": "warning",
      "target": "subsystem_agreement"
    },
    {
      "code": "missing_anchor_tag",
      "message": "Target anchor missing kind tag",
      "module": "codeintel.build.hamilton.native.analytics.subsystem_cache",
      "module_import": "codeintel.build.hamilton.native.analytics.subsystem_cache",
      "node": "t__subsystem_caches",
      "origin": "core",
      "severity": "warning",
      "target": "subsystem_caches"
    },
    {
      "code": "missing_anchor_tag",
      "message": "Target anchor missing kind tag",
      "module": "codeintel.build.hamilton.native.analytics.subsystem_metrics",
      "module_import": "codeintel.build.hamilton.native.analytics.subsystem_metrics",
      "node": "t__subsystem_graph_metrics",
      "origin": "core",
      "severity": "warning",
      "target": "subsystem_graph_metrics"
    },
    {
      "code": "missing_anchor_tag",
      "message": "Target anchor missing kind tag",
      "module": "codeintel.build.hamilton.native.analytics.subsystems",
      "module_import": "codeintel.build.hamilton.native.analytics.subsystems",
      "node": "t__subsystems",
      "origin": "core",
      "severity": "warning",
      "target": "subsystems"
    },
    {
      "code": "missing_anchor_tag",
      "message": "Target anchor missing kind tag",
      "module": "codeintel.build.hamilton.native.analytics.graph_metrics",
      "module_import": "codeintel.build.hamilton.native.analytics.graph_metrics",
      "node": "t__symbol_graph_metrics",
      "origin": "core",
      "severity": "warning",
      "target": "symbol_graph_metrics"
    },
    {
      "code": "missing_anchor_tag",
      "message": "Target anchor missing kind tag",
      "module": "codeintel.build.hamilton.native.graphs.symbol_use",
      "module_import": "codeintel.build.hamilton.native.graphs.symbol_use",
      "node": "t__symbol_uses",
      "origin": "core",
      "severity": "warning",
      "target": "symbol_uses"
    },
    {
      "code": "missing_anchor_tag",
      "message": "Target anchor missing kind tag",
      "module": "codeintel.build.hamilton.native.ingestion.extraction_targets",
      "module_import": "codeintel.build.hamilton.native.ingestion.extraction_targets",
      "node": "t__symtable",
      "origin": "core",
      "severity": "warning",
      "target": "symtable"
    },
    {
      "code": "missing_anchor_tag",
      "message": "Target anchor missing kind tag",
      "module": "codeintel.build.hamilton.native.ingestion.syntax_augment",
      "module_import": "codeintel.build.hamilton.native.ingestion.syntax_augment",
      "node": "t__syntax_augment",
      "origin": "core",
      "severity": "warning",
      "target": "syntax_augment"
    },
    {
      "code": "missing_anchor_tag",
      "message": "Target anchor missing kind tag",
      "module": "codeintel.build.hamilton.native.ingestion.syntax_enrich",
      "module_import": "codeintel.build.hamilton.native.ingestion.syntax_enrich",
      "node": "t__syntax_enrich",
      "origin": "core",
      "severity": "warning",
      "target": "syntax_enrich"
    },
    {
      "code": "missing_anchor_tag",
      "message": "Target anchor missing kind tag",
      "module": "codeintel.build.hamilton.native.ingestion.extraction_targets",
      "module_import": "codeintel.build.hamilton.native.ingestion.extraction_targets",
      "node": "t__syntax_index",
      "origin": "core",
      "severity": "warning",
      "target": "syntax_index"
    },
    {
      "code": "missing_anchor_tag",
      "message": "Target anchor missing kind tag",
      "module": "codeintel.build.hamilton.native.ingestion.ingest_targets",
      "module_import": "codeintel.build.hamilton.native.ingestion.ingest_targets",
      "node": "t__tests_ingest",
      "origin": "core",
      "severity": "warning",
      "target": "tests_ingest"
    },
    {
      "code": "missing_anchor_tag",
      "message": "Target anchor missing kind tag",
      "module": "codeintel.build.hamilton.native.ingestion.tree_sitter",
      "module_import": "codeintel.build.hamilton.native.ingestion.tree_sitter",
      "node": "t__tree_sitter_index",
      "origin": "core",
      "severity": "warning",
      "target": "tree_sitter_index"
    },
    {
      "code": "missing_anchor_tag",
      "message": "Target anchor missing kind tag",
      "module": "codeintel.build.hamilton.native.ingestion.ingest_targets",
      "module_import": "codeintel.build.hamilton.native.ingestion.ingest_targets",
      "node": "t__typing",
      "origin": "core",
      "severity": "warning",
      "target": "typing"
    },
    {
      "code": "missing_anchor_tag",
      "message": "Target anchor missing kind tag",
      "module": "codeintel.build.hamilton.native.views.view_outputs",
      "module_import": "codeintel.build.hamilton.native.views.view_outputs",
      "node": "t__views",
      "origin": "core",
      "severity": "warning",
      "target": "views"
    },
    {
      "code": "missing_anchor_tag",
      "message": "Target anchor missing schema_ref tag",
      "module": "codeintel.build.hamilton.native.ingestion.extraction_targets",
      "module_import": "codeintel.build.hamilton.native.ingestion.extraction_targets",
      "node": "t__ast",
      "origin": "core",
      "severity": "warning",
      "target": "ast"
    },
    {
      "code": "missing_anchor_tag",
      "message": "Target anchor missing schema_ref tag",
      "module": "codeintel.build.hamilton.native.ingestion.extraction_targets",
      "module_import": "codeintel.build.hamilton.native.ingestion.extraction_targets",
      "node": "t__bytecode",
      "origin": "core",
      "severity": "warning",
      "target": "bytecode"
    },
    {
      "code": "missing_anchor_tag",
      "message": "Target anchor missing schema_ref tag",
      "module": "codeintel.build.hamilton.native.graphs.graph_targets",
      "module_import": "codeintel.build.hamilton.native.graphs.graph_targets",
      "node": "t__call_graph",
      "origin": "core",
      "severity": "warning",
      "target": "call_graph"
    },
    {
      "code": "missing_anchor_tag",
      "message": "Target anchor missing schema_ref tag",
      "module": "codeintel.build.hamilton.native.graphs.graph_targets",
      "module_import": "codeintel.build.hamilton.native.graphs.graph_targets",
      "node": "t__call_wiring",
      "origin": "core",
      "severity": "warning",
      "target": "call_wiring"
    },
    {
      "code": "missing_anchor_tag",
      "message": "Target anchor missing schema_ref tag",
      "module": "codeintel.build.hamilton.native.graphs.graph_targets",
      "module_import": "codeintel.build.hamilton.native.graphs.graph_targets",
      "node": "t__cdg",
      "origin": "core",
      "severity": "warning",
      "target": "cdg"
    },
    {
      "code": "missing_anchor_tag",
      "message": "Target anchor missing schema_ref tag",
      "module": "codeintel.build.hamilton.native.graphs.graph_targets",
      "module_import": "codeintel.build.hamilton.native.graphs.graph_targets",
      "node": "t__cfg",
      "origin": "core",
      "severity": "warning",
      "target": "cfg"
    },
    {
      "code": "missing_anchor_tag",
      "message": "Target anchor missing schema_ref tag",
      "module": "codeintel.build.hamilton.native.analytics.cfg_dfg_metrics",
      "module_import": "codeintel.build.hamilton.native.analytics.cfg_dfg_metrics",
      "node": "t__cfg_dfg_metrics",
      "origin": "core",
      "severity": "warning",
      "target": "cfg_dfg_metrics"
    },
    {
      "code": "missing_anchor_tag",
      "message": "Target anchor missing schema_ref tag",
      "module": "codeintel.build.hamilton.native.planning.plan_targets",
      "module_import": "codeintel.build.hamilton.native.planning.plan_targets",
      "node": "t__ci_plan",
      "origin": "core",
      "severity": "warning",
      "target": "ci_plan"
    },
    {
      "code": "missing_anchor_tag",
      "message": "Target anchor missing schema_ref tag",
      "module": "codeintel.build.hamilton.native.analytics.config_graphs",
      "module_import": "codeintel.build.hamilton.native.analytics.config_graphs",
      "node": "t__config_data_flow",
      "origin": "core",
      "severity": "warning",
      "target": "config_data_flow"
    },
    {
      "code": "missing_anchor_tag",
      "message": "Target anchor missing schema_ref tag",
      "module": "codeintel.build.hamilton.native.analytics.config_graphs",
      "module_import": "codeintel.build.hamilton.native.analytics.config_graphs",
      "node": "t__config_graph_metrics",
      "origin": "core",
      "severity": "warning",
      "target": "config_graph_metrics"
    },
    {
      "code": "missing_anchor_tag",
      "message": "Target anchor missing schema_ref tag",
      "module": "codeintel.build.hamilton.native.ingestion.ingest_targets",
      "module_import": "codeintel.build.hamilton.native.ingestion.ingest_targets",
      "node": "t__config_ingest",
      "origin": "core",
      "severity": "warning",
      "target": "config_ingest"
    },
    {
      "code": "missing_anchor_tag",
      "message": "Target anchor missing schema_ref tag",
      "module": "codeintel.build.hamilton.native.graphs.graph_targets",
      "module_import": "codeintel.build.hamilton.native.graphs.graph_targets",
      "node": "t__cpg",
      "origin": "core",
      "severity": "warning",
      "target": "cpg"
    },
    {
      "code": "missing_anchor_tag",
      "message": "Target anchor missing schema_ref tag",
      "module": "codeintel.build.hamilton.native.ingestion.extraction_targets",
      "module_import": "codeintel.build.hamilton.native.ingestion.extraction_targets",
      "node": "t__cst",
      "origin": "core",
      "severity": "warning",
      "target": "cst"
    },
    {
      "code": "missing_anchor_tag",
      "message": "Target anchor missing schema_ref tag",
      "module": "codeintel.build.hamilton.native.analytics.data_models",
      "module_import": "codeintel.build.hamilton.native.analytics.data_models",
      "node": "t__data_model_usage",
      "origin": "core",
      "severity": "warning",
      "target": "data_model_usage"
    },
    {
      "code": "missing_anchor_tag",
      "message": "Target anchor missing schema_ref tag",
      "module": "codeintel.build.hamilton.native.analytics.data_models",
      "module_import": "codeintel.build.hamilton.native.analytics.data_models",
      "node": "t__data_models",
      "origin": "core",
      "severity": "warning",
      "target": "data_models"
    },
    {
      "code": "missing_anchor_tag",
      "message": "Target anchor missing schema_ref tag",
      "module": "codeintel.build.hamilton.native.export.decision_trace",
      "module_import": "codeintel.build.hamilton.native.export.decision_trace",
      "node": "t__decision_trace",
      "origin": "core",
      "severity": "warning",
      "target": "decision_trace"
    },
    {
      "code": "missing_anchor_tag",
      "message": "Target anchor missing schema_ref tag",
      "module": "codeintel.build.hamilton.native.graphs.graph_targets",
      "module_import": "codeintel.build.hamilton.native.graphs.graph_targets",
      "node": "t__dfg",
      "origin": "core",
      "severity": "warning",
      "target": "dfg"
    },
    {
      "code": "missing_anchor_tag",
      "message": "Target anchor missing schema_ref tag",
      "module": "codeintel.build.hamilton.native.ingestion.extraction_targets",
      "module_import": "codeintel.build.hamilton.native.ingestion.extraction_targets",
      "node": "t__docstrings",
      "origin": "core",
      "severity": "warning",
      "target": "docstrings"
    },
    {
      "code": "missing_anchor_tag",
      "message": "Target anchor missing schema_ref tag",
      "module": "codeintel.build.hamilton.native.analytics.entrypoints",
      "module_import": "codeintel.build.hamilton.native.analytics.entrypoints",
      "node": "t__entrypoints",
      "origin": "core",
      "severity": "warning",
      "target": "entrypoints"
    },
    {
      "code": "missing_anchor_tag",
      "message": "Target anchor missing schema_ref tag",
      "module": "codeintel.build.hamilton.native.export.export_targets",
      "module_import": "codeintel.build.hamilton.native.export.export_targets",
      "node": "t__export_jsonl",
      "origin": "core",
      "severity": "warning",
      "target": "export_jsonl"
    },
    {
      "code": "missing_anchor_tag",
      "message": "Target anchor missing schema_ref tag",
      "module": "codeintel.build.hamilton.native.export.export_targets",
      "module_import": "codeintel.build.hamilton.native.export.export_targets",
      "node": "t__export_parquet",
      "origin": "core",
      "severity": "warning",
      "target": "export_parquet"
    },
    {
      "code": "missing_anchor_tag",
      "message": "Target anchor missing schema_ref tag",
      "module": "codeintel.build.hamilton.native.analytics.tables_dependencies",
      "module_import": "codeintel.build.hamilton.native.analytics.tables_dependencies",
      "node": "t__external_deps",
      "origin": "core",
      "severity": "warning",
      "target": "external_deps"
    },
    {
      "code": "missing_anchor_tag",
      "message": "Target anchor missing schema_ref tag",
      "module": "codeintel.build.hamilton.native.ingestion.file_line_index",
      "module_import": "codeintel.build.hamilton.native.ingestion.file_line_index",
      "node": "t__file_line_index",
      "origin": "core",
      "severity": "warning",
      "target": "file_line_index"
    },
    {
      "code": "missing_anchor_tag",
      "message": "Target anchor missing schema_ref tag",
      "module": "codeintel.build.hamilton.native.analytics.function_ast_features",
      "module_import": "codeintel.build.hamilton.native.analytics.function_ast_features",
      "node": "t__function_ast_features",
      "origin": "core",
      "severity": "warning",
      "target": "function_ast_features"
    },
    {
      "code": "missing_anchor_tag",
      "message": "Target anchor missing schema_ref tag",
      "module": "codeintel.build.hamilton.native.analytics.function_contracts",
      "module_import": "codeintel.build.hamilton.native.analytics.function_contracts",
      "node": "t__function_contracts",
      "origin": "core",
      "severity": "warning",
      "target": "function_contracts"
    },
    {
      "code": "missing_anchor_tag",
      "message": "Target anchor missing schema_ref tag",
      "module": "codeintel.build.hamilton.native.analytics.function_effects",
      "module_import": "codeintel.build.hamilton.native.analytics.function_effects",
      "node": "t__function_effects",
      "origin": "core",
      "severity": "warning",
      "target": "function_effects"
    },
    {
      "code": "missing_anchor_tag",
      "message": "Target anchor missing schema_ref tag",
      "module": "codeintel.build.hamilton.native.analytics.function_types",
      "module_import": "codeintel.build.hamilton.native.analytics.function_types",
      "node": "t__function_types",
      "origin": "core",
      "severity": "warning",
      "target": "function_types"
    },
    {
      "code": "missing_anchor_tag",
      "message": "Target anchor missing schema_ref tag",
      "module": "codeintel.build.hamilton.native.analytics.function_validation",
      "module_import": "codeintel.build.hamilton.native.analytics.function_validation",
      "node": "t__function_validation",
      "origin": "core",
      "severity": "warning",
      "target": "function_validation"
    },
    {
      "code": "missing_anchor_tag",
      "message": "Target anchor missing schema_ref tag",
      "module": "codeintel.build.hamilton.native.graphs.goids",
      "module_import": "codeintel.build.hamilton.native.graphs.goids",
      "node": "t__goids",
      "origin": "core",
      "severity": "warning",
      "target": "goids"
    },
    {
      "code": "missing_anchor_tag",
      "message": "Target anchor missing schema_ref tag",
      "module": "codeintel.build.hamilton.native.analytics.graph_metrics",
      "module_import": "codeintel.build.hamilton.native.analytics.graph_metrics",
      "node": "t__graph_metrics",
      "origin": "core",
      "severity": "warning",
      "target": "graph_metrics"
    },
    {
      "code": "missing_anchor_tag",
      "message": "Target anchor missing schema_ref tag",
      "module": "codeintel.build.hamilton.native.analytics.graph_metrics",
      "module_import": "codeintel.build.hamilton.native.analytics.graph_metrics",
      "node": "t__graph_metrics_ext",
      "origin": "core",
      "severity": "warning",
      "target": "graph_metrics_ext"
    },
    {
      "code": "missing_anchor_tag",
      "message": "Target anchor missing schema_ref tag",
      "module": "codeintel.build.hamilton.native.analytics.graph_metrics",
      "module_import": "codeintel.build.hamilton.native.analytics.graph_metrics",
      "node": "t__graph_stats",
      "origin": "core",
      "severity": "warning",
      "target": "graph_stats"
    },
    {
      "code": "missing_anchor_tag",
      "message": "Target anchor missing schema_ref tag",
      "module": "codeintel.build.hamilton.native.analytics.graph_validation",
      "module_import": "codeintel.build.hamilton.native.analytics.graph_validation",
      "node": "t__graph_validation",
      "origin": "core",
      "severity": "warning",
      "target": "graph_validation"
    },
    {
      "code": "missing_anchor_tag",
      "message": "Target anchor missing schema_ref tag",
      "module": "codeintel.build.hamilton.native.graphs.graph_targets",
      "module_import": "codeintel.build.hamilton.native.graphs.graph_targets",
      "node": "t__import_graph",
      "origin": "core",
      "severity": "warning",
      "target": "import_graph"
    },
    {
      "code": "missing_anchor_tag",
      "message": "Target anchor missing schema_ref tag",
      "module": "codeintel.build.hamilton.native.ingestion.extraction_targets",
      "module_import": "codeintel.build.hamilton.native.ingestion.extraction_targets",
      "node": "t__inspect",
      "origin": "core",
      "severity": "warning",
      "target": "inspect"
    },
    {
      "code": "missing_anchor_tag",
      "message": "Target anchor missing schema_ref tag",
      "module": "codeintel.build.hamilton.native.ingestion.ingest_targets",
      "module_import": "codeintel.build.hamilton.native.ingestion.ingest_targets",
      "node": "t__modules",
      "origin": "core",
      "severity": "warning",
      "target": "modules"
    },
    {
      "code": "missing_anchor_tag",
      "message": "Target anchor missing schema_ref tag",
      "module": "codeintel.build.hamilton.native.graphs.graph_targets",
      "module_import": "codeintel.build.hamilton.native.graphs.graph_targets",
      "node": "t__pdg",
      "origin": "core",
      "severity": "warning",
      "target": "pdg"
    },
    {
      "code": "missing_anchor_tag",
      "message": "Target anchor missing schema_ref tag",
      "module": "codeintel.build.hamilton.native.analytics.py_cpg_quality_report",
      "module_import": "codeintel.build.hamilton.native.analytics.py_cpg_quality_report",
      "node": "t__py_cpg_quality_report",
      "origin": "core",
      "severity": "warning",
      "target": "py_cpg_quality_report"
    },
    {
      "code": "missing_anchor_tag",
      "message": "Target anchor missing schema_ref tag",
      "module": "codeintel.build.hamilton.native.ingestion.scip",
      "module_import": "codeintel.build.hamilton.native.ingestion.scip",
      "node": "t__scip",
      "origin": "core",
      "severity": "warning",
      "target": "scip"
    },
    {
      "code": "missing_anchor_tag",
      "message": "Target anchor missing schema_ref tag",
      "module": "codeintel.build.hamilton.native.ingestion.scip_proto",
      "module_import": "codeintel.build.hamilton.native.ingestion.scip_proto",
      "node": "t__scip_proto",
      "origin": "core",
      "severity": "warning",
      "target": "scip_proto"
    },
    {
      "code": "missing_anchor_tag",
      "message": "Target anchor missing schema_ref tag",
      "module": "codeintel.build.hamilton.native.ingestion.scip_resolution",
      "module_import": "codeintel.build.hamilton.native.ingestion.scip_resolution",
      "node": "t__scip_resolution",
      "origin": "core",
      "severity": "warning",
      "target": "scip_resolution"
    },
    {
      "code": "missing_anchor_tag",
      "message": "Target anchor missing schema_ref tag",
      "module": "codeintel.build.hamilton.native.analytics.semantic_roles",
      "module_import": "codeintel.build.hamilton.native.analytics.semantic_roles",
      "node": "t__semantic_roles",
      "origin": "core",
      "severity": "warning",
      "target": "semantic_roles"
    },
    {
      "code": "missing_anchor_tag",
      "message": "Target anchor missing schema_ref tag",
      "module": "codeintel.build.hamilton.native.export.serving_artifacts",
      "module_import": "codeintel.build.hamilton.native.export.serving_artifacts",
      "node": "t__serving_artifacts",
      "origin": "core",
      "severity": "warning",
      "target": "serving_artifacts"
    },
    {
      "code": "missing_anchor_tag",
      "message": "Target anchor missing schema_ref tag",
      "module": "codeintel.build.hamilton.native.analytics.subsystem_agreement",
      "module_import": "codeintel.build.hamilton.native.analytics.subsystem_agreement",
      "node": "t__subsystem_agreement",
      "origin": "core",
      "severity": "warning",
      "target": "subsystem_agreement"
    },
    {
      "code": "missing_anchor_tag",
      "message": "Target anchor missing schema_ref tag",
      "module": "codeintel.build.hamilton.native.analytics.subsystem_cache",
      "module_import": "codeintel.build.hamilton.native.analytics.subsystem_cache",
      "node": "t__subsystem_caches",
      "origin": "core",
      "severity": "warning",
      "target": "subsystem_caches"
    },
    {
      "code": "missing_anchor_tag",
      "message": "Target anchor missing schema_ref tag",
      "module": "codeintel.build.hamilton.native.analytics.subsystem_metrics",
      "module_import": "codeintel.build.hamilton.native.analytics.subsystem_metrics",
      "node": "t__subsystem_graph_metrics",
      "origin": "core",
      "severity": "warning",
      "target": "subsystem_graph_metrics"
    },
    {
      "code": "missing_anchor_tag",
      "message": "Target anchor missing schema_ref tag",
      "module": "codeintel.build.hamilton.native.analytics.subsystems",
      "module_import": "codeintel.build.hamilton.native.analytics.subsystems",
      "node": "t__subsystems",
      "origin": "core",
      "severity": "warning",
      "target": "subsystems"
    },
    {
      "code": "missing_anchor_tag",
      "message": "Target anchor missing schema_ref tag",
      "module": "codeintel.build.hamilton.native.analytics.graph_metrics",
      "module_import": "codeintel.build.hamilton.native.analytics.graph_metrics",
      "node": "t__symbol_graph_metrics",
      "origin": "core",
      "severity": "warning",
      "target": "symbol_graph_metrics"
    },
    {
      "code": "missing_anchor_tag",
      "message": "Target anchor missing schema_ref tag",
      "module": "codeintel.build.hamilton.native.graphs.symbol_use",
      "module_import": "codeintel.build.hamilton.native.graphs.symbol_use",
      "node": "t__symbol_uses",
      "origin": "core",
      "severity": "warning",
      "target": "symbol_uses"
    },
    {
      "code": "missing_anchor_tag",
      "message": "Target anchor missing schema_ref tag",
      "module": "codeintel.build.hamilton.native.ingestion.extraction_targets",
      "module_import": "codeintel.build.hamilton.native.ingestion.extraction_targets",
      "node": "t__symtable",
      "origin": "core",
      "severity": "warning",
      "target": "symtable"
    },
    {
      "code": "missing_anchor_tag",
      "message": "Target anchor missing schema_ref tag",
      "module": "codeintel.build.hamilton.native.ingestion.syntax_augment",
      "module_import": "codeintel.build.hamilton.native.ingestion.syntax_augment",
      "node": "t__syntax_augment",
      "origin": "core",
      "severity": "warning",
      "target": "syntax_augment"
    },
    {
      "code": "missing_anchor_tag",
      "message": "Target anchor missing schema_ref tag",
      "module": "codeintel.build.hamilton.native.ingestion.syntax_enrich",
      "module_import": "codeintel.build.hamilton.native.ingestion.syntax_enrich",
      "node": "t__syntax_enrich",
      "origin": "core",
      "severity": "warning",
      "target": "syntax_enrich"
    },
    {
      "code": "missing_anchor_tag",
      "message": "Target anchor missing schema_ref tag",
      "module": "codeintel.build.hamilton.native.ingestion.extraction_targets",
      "module_import": "codeintel.build.hamilton.native.ingestion.extraction_targets",
      "node": "t__syntax_index",
      "origin": "core",
      "severity": "warning",
      "target": "syntax_index"
    },
    {
      "code": "missing_anchor_tag",
      "message": "Target anchor missing schema_ref tag",
      "module": "codeintel.build.hamilton.native.ingestion.ingest_targets",
      "module_import": "codeintel.build.hamilton.native.ingestion.ingest_targets",
      "node": "t__tests_ingest",
      "origin": "core",
      "severity": "warning",
      "target": "tests_ingest"
    },
    {
      "code": "missing_anchor_tag",
      "message": "Target anchor missing schema_ref tag",
      "module": "codeintel.build.hamilton.native.ingestion.tree_sitter",
      "module_import": "codeintel.build.hamilton.native.ingestion.tree_sitter",
      "node": "t__tree_sitter_index",
      "origin": "core",
      "severity": "warning",
      "target": "tree_sitter_index"
    },
    {
      "code": "missing_anchor_tag",
      "message": "Target anchor missing schema_ref tag",
      "module": "codeintel.build.hamilton.native.ingestion.ingest_targets",
      "module_import": "codeintel.build.hamilton.native.ingestion.ingest_targets",
      "node": "t__typing",
      "origin": "core",
      "severity": "warning",
      "target": "typing"
    },
    {
      "code": "missing_anchor_tag",
      "message": "Target anchor missing schema_ref tag",
      "module": "codeintel.build.hamilton.native.views.view_outputs",
      "module_import": "codeintel.build.hamilton.native.views.view_outputs",
      "node": "t__views",
      "origin": "core",
      "severity": "warning",
      "target": "views"
    }
  ]
}

{"timestamp":"2026-01-04 05:38:15,672","level":"INFO","logger":"codeintel.cli.handlers.build","message":"build.run repo=github.com/paul-heyse/CodeIntel commit=3c5af2164daa028b369ed5d8f6a460dc1b2f085d targets=['ast', 'bytecode', 'call_graph', 'call_wiring', 'cdg', 'cfg', 'cfg_dfg_metrics', 'ci_plan', 'config_data_flow', 'config_graph_metrics', 'config_ingest', 'cpg', 'cst', 'data_model_usage', 'data_models', 'decision_trace', 'dfg', 'docstrings', 'entrypoints', 'export_jsonl', 'export_parquet', 'external_deps', 'file_line_index', 'function_ast_features', 'function_contracts', 'function_effects', 'function_types', 'function_validation', 'goids', 'graph_metrics', 'graph_metrics_ext', 'graph_stats', 'graph_validation', 'import_graph', 'inspect', 'modules', 'pdg', 'py_cpg_quality_report', 'scip', 'scip_proto', 'scip_resolution', 'semantic_roles', 'serving_artifacts', 'subsystem_agreement', 'subsystem_caches', 'subsystem_graph_metrics', 'subsystems', 'symbol_graph_metrics', 'symbol_uses', 'symtable', 'syntax_augment', 'syntax_enrich', 'syntax_index', 'tests_ingest', 'tree_sitter_index', 'typing', 'views']","trace_id":"7fad4b77cff4cbfbab80bf5efe8f624d","span_id":"4f23802292a0e9ae"}
{"timestamp":"2026-01-04 05:38:15,672","level":"INFO","logger":"codeintel.cli.handlers.build","message":"build.cli.hamilton.execute goals=['ast', 'bytecode', 'call_graph', 'call_wiring', 'cdg', 'cfg', 'cfg_dfg_metrics', 'ci_plan', 'config_data_flow', 'config_graph_metrics', 'config_ingest', 'cpg', 'cst', 'data_model_usage', 'data_models', 'decision_trace', 'dfg', 'docstrings', 'entrypoints', 'export_jsonl', 'export_parquet', 'external_deps', 'file_line_index', 'function_ast_features', 'function_contracts', 'function_effects', 'function_types', 'function_validation', 'goids', 'graph_metrics', 'graph_metrics_ext', 'graph_stats', 'graph_validation', 'import_graph', 'inspect', 'modules', 'pdg', 'py_cpg_quality_report', 'scip', 'scip_proto', 'scip_resolution', 'semantic_roles', 'serving_artifacts', 'subsystem_agreement', 'subsystem_caches', 'subsystem_graph_metrics', 'subsystems', 'symbol_graph_metrics', 'symbol_uses', 'symtable', 'syntax_augment', 'syntax_enrich', 'syntax_index', 'tests_ingest', 'tree_sitter_index', 'typing', 'views'] force=None validate=True","trace_id":"7fad4b77cff4cbfbab80bf5efe8f624d","span_id":"4f23802292a0e9ae"}
/Users/paulheyse/CodeIntel/CodeIntel/.venv/lib/python3.13/site-packages/hamilton/graph_types.py:73: DeprecationWarning: ast.Str is deprecated and will be removed in Python 3.14; use ast.Constant instead
  if not hasattr(n.body[0], "value") or not isinstance(n.body[0].value, ast.Str):
Failed to export traces to localhost:4317, error code: StatusCode.UNAVAILABLE
Transient error StatusCode.UNAVAILABLE encountered while exporting traces to localhost:4317, retrying in 1.17s.
Node `goids_inputs` has unhashable result of type `<class 'codeintel.build.hamilton.native.graphs.goids._GoidsInputs'>`. Set `CachingBehavior.IGNORE` or register a versioning function to silence warning. Learn more: https://hamilton.apache.org/concepts/caching/#caching-behavior

Node `goids_analysis` has unhashable result of type `<class 'codeintel.build.hamilton.native.graphs.goids._GoidsAnalysis'>`. Set `CachingBehavior.IGNORE` or register a versioning function to silence warning. Learn more: https://hamilton.apache.org/concepts/caching/#caching-behavior

Node `goids__base` has unhashable result of type `<class 'pyarrow.lib.RecordBatchReader'>`. Set `CachingBehavior.IGNORE` or register a versioning function to silence warning. Learn more: https://hamilton.apache.org/concepts/caching/#caching-behavior

Node `goids__table_raw` has unhashable result of type `<class 'pyarrow.lib.RecordBatchReader'>`. Set `CachingBehavior.IGNORE` or register a versioning function to silence warning. Learn more: https://hamilton.apache.org/concepts/caching/#caching-behavior

Node `cfg_dfg_metrics_inputs` has unhashable result of type `<class 'codeintel.build.hamilton.native.analytics.cfg_dfg_metrics._CfgDfgMetricsInputs'>`. Set `CachingBehavior.IGNORE` or register a versioning function to silence warning. Learn more: https://hamilton.apache.org/concepts/caching/#caching-behavior

Node `cfg_dfg_metrics_analysis` has unhashable result of type `<class 'codeintel.build.hamilton.native.analytics.cfg_dfg_metrics._CfgDfgMetricsAnalysis'>`. Set `CachingBehavior.IGNORE` or register a versioning function to silence warning. Learn more: https://hamilton.apache.org/concepts/caching/#caching-behavior

Node `cfg_block_metrics__base` has unhashable result of type `<class 'pyarrow.lib.RecordBatchReader'>`. Set `CachingBehavior.IGNORE` or register a versioning function to silence warning. Learn more: https://hamilton.apache.org/concepts/caching/#caching-behavior

Node `prep__analytics_cfg_block_metrics.nulls` has unhashable result of type `<class 'pyarrow.lib.RecordBatchReader'>`. Set `CachingBehavior.IGNORE` or register a versioning function to silence warning. Learn more: https://hamilton.apache.org/concepts/caching/#caching-behavior

Node `cfg_block_metrics__table.raw` has unhashable result of type `<class 'pyarrow.lib.RecordBatchReader'>`. Set `CachingBehavior.IGNORE` or register a versioning function to silence warning. Learn more: https://hamilton.apache.org/concepts/caching/#caching-behavior

Node `post__analytics_cfg_block_metrics.canonicalize` has unhashable result of type `<class 'pyarrow.lib.RecordBatchReader'>`. Set `CachingBehavior.IGNORE` or register a versioning function to silence warning. Learn more: https://hamilton.apache.org/concepts/caching/#caching-behavior

Node `cfg_block_metrics__table_raw` has unhashable result of type `<class 'pyarrow.lib.RecordBatchReader'>`. Set `CachingBehavior.IGNORE` or register a versioning function to silence warning. Learn more: https://hamilton.apache.org/concepts/caching/#caching-behavior

Node `cfg_dfg_metrics_inputs` has unhashable result of type `<class 'codeintel.build.hamilton.native.analytics.cfg_dfg_metrics._CfgDfgMetricsInputs'>`. Set `CachingBehavior.IGNORE` or register a versioning function to silence warning. Learn more: https://hamilton.apache.org/concepts/caching/#caching-behavior

Node `cfg_dfg_metrics_analysis` has unhashable result of type `<class 'codeintel.build.hamilton.native.analytics.cfg_dfg_metrics._CfgDfgMetricsAnalysis'>`. Set `CachingBehavior.IGNORE` or register a versioning function to silence warning. Learn more: https://hamilton.apache.org/concepts/caching/#caching-behavior

Node `cfg_function_metrics__base` has unhashable result of type `<class 'pyarrow.lib.RecordBatchReader'>`. Set `CachingBehavior.IGNORE` or register a versioning function to silence warning. Learn more: https://hamilton.apache.org/concepts/caching/#caching-behavior

Node `prep__analytics_cfg_function_metrics.nulls` has unhashable result of type `<class 'pyarrow.lib.RecordBatchReader'>`. Set `CachingBehavior.IGNORE` or register a versioning function to silence warning. Learn more: https://hamilton.apache.org/concepts/caching/#caching-behavior

Node `cfg_function_metrics__table.raw` has unhashable result of type `<class 'pyarrow.lib.RecordBatchReader'>`. Set `CachingBehavior.IGNORE` or register a versioning function to silence warning. Learn more: https://hamilton.apache.org/concepts/caching/#caching-behavior

Node `post__analytics_cfg_function_metrics.canonicalize` has unhashable result of type `<class 'pyarrow.lib.RecordBatchReader'>`. Set `CachingBehavior.IGNORE` or register a versioning function to silence warning. Learn more: https://hamilton.apache.org/concepts/caching/#caching-behavior

Node `cfg_function_metrics__table_raw` has unhashable result of type `<class 'pyarrow.lib.RecordBatchReader'>`. Set `CachingBehavior.IGNORE` or register a versioning function to silence warning. Learn more: https://hamilton.apache.org/concepts/caching/#caching-behavior

Node `cfg_dfg_metrics_inputs` has unhashable result of type `<class 'codeintel.build.hamilton.native.analytics.cfg_dfg_metrics._CfgDfgMetricsInputs'>`. Set `CachingBehavior.IGNORE` or register a versioning function to silence warning. Learn more: https://hamilton.apache.org/concepts/caching/#caching-behavior

Node `cfg_dfg_metrics_analysis` has unhashable result of type `<class 'codeintel.build.hamilton.native.analytics.cfg_dfg_metrics._CfgDfgMetricsAnalysis'>`. Set `CachingBehavior.IGNORE` or register a versioning function to silence warning. Learn more: https://hamilton.apache.org/concepts/caching/#caching-behavior

Node `cfg_function_metrics_ext__base` has unhashable result of type `<class 'pyarrow.lib.RecordBatchReader'>`. Set `CachingBehavior.IGNORE` or register a versioning function to silence warning. Learn more: https://hamilton.apache.org/concepts/caching/#caching-behavior

Node `prep__analytics_cfg_function_metrics_ext.nulls` has unhashable result of type `<class 'pyarrow.lib.RecordBatchReader'>`. Set `CachingBehavior.IGNORE` or register a versioning function to silence warning. Learn more: https://hamilton.apache.org/concepts/caching/#caching-behavior

Node `cfg_function_metrics_ext__table.raw` has unhashable result of type `<class 'pyarrow.lib.RecordBatchReader'>`. Set `CachingBehavior.IGNORE` or register a versioning function to silence warning. Learn more: https://hamilton.apache.org/concepts/caching/#caching-behavior

Node `post__analytics_cfg_function_metrics_ext.canonicalize` has unhashable result of type `<class 'pyarrow.lib.RecordBatchReader'>`. Set `CachingBehavior.IGNORE` or register a versioning function to silence warning. Learn more: https://hamilton.apache.org/concepts/caching/#caching-behavior

Node `cfg_function_metrics_ext__table_raw` has unhashable result of type `<class 'pyarrow.lib.RecordBatchReader'>`. Set `CachingBehavior.IGNORE` or register a versioning function to silence warning. Learn more: https://hamilton.apache.org/concepts/caching/#caching-behavior

-------------------------------------------------------------------
Oh no an error! Need help with Hamilton?
Join our slack and ask for help! https://join.slack.com/t/hamilton-opensource/shared_invite/zt-2niepkra8-DGKGf_tTYhXuJWBTXtIs4g
-------------------------------------------------------------------

Node `function_ast_features__base` has unhashable result of type `<class 'pyarrow.lib.RecordBatchReader'>`. Set `CachingBehavior.IGNORE` or register a versioning function to silence warning. Learn more: https://hamilton.apache.org/concepts/caching/#caching-behavior

Node `prep__analytics_function_ast_features.nulls` has unhashable result of type `<class 'pyarrow.lib.RecordBatchReader'>`. Set `CachingBehavior.IGNORE` or register a versioning function to silence warning. Learn more: https://hamilton.apache.org/concepts/caching/#caching-behavior

Node `function_ast_features__table.raw` has unhashable result of type `<class 'pyarrow.lib.RecordBatchReader'>`. Set `CachingBehavior.IGNORE` or register a versioning function to silence warning. Learn more: https://hamilton.apache.org/concepts/caching/#caching-behavior

Node `post__analytics_function_ast_features.canonicalize` has unhashable result of type `<class 'pyarrow.lib.RecordBatchReader'>`. Set `CachingBehavior.IGNORE` or register a versioning function to silence warning. Learn more: https://hamilton.apache.org/concepts/caching/#caching-behavior

Node `function_ast_features__table_raw` has unhashable result of type `<class 'pyarrow.lib.RecordBatchReader'>`. Set `CachingBehavior.IGNORE` or register a versioning function to silence warning. Learn more: https://hamilton.apache.org/concepts/caching/#caching-behavior

-------------------------------------------------------------------
Oh no an error! Need help with Hamilton?
Join our slack and ask for help! https://join.slack.com/t/hamilton-opensource/shared_invite/zt-2niepkra8-DGKGf_tTYhXuJWBTXtIs4g
-------------------------------------------------------------------

Node `subsystem_modules__base` has unhashable result of type `<class 'pyarrow.lib.RecordBatchReader'>`. Set `CachingBehavior.IGNORE` or register a versioning function to silence warning. Learn more: https://hamilton.apache.org/concepts/caching/#caching-behavior

Node `prep__analytics_subsystem_modules.nulls` has unhashable result of type `<class 'pyarrow.lib.RecordBatchReader'>`. Set `CachingBehavior.IGNORE` or register a versioning function to silence warning. Learn more: https://hamilton.apache.org/concepts/caching/#caching-behavior

Node `subsystem_modules__table.raw` has unhashable result of type `<class 'pyarrow.lib.RecordBatchReader'>`. Set `CachingBehavior.IGNORE` or register a versioning function to silence warning. Learn more: https://hamilton.apache.org/concepts/caching/#caching-behavior

Node `post__analytics_subsystem_modules.canonicalize` has unhashable result of type `<class 'pyarrow.lib.RecordBatchReader'>`. Set `CachingBehavior.IGNORE` or register a versioning function to silence warning. Learn more: https://hamilton.apache.org/concepts/caching/#caching-behavior

Node `subsystem_modules__table_raw` has unhashable result of type `<class 'pyarrow.lib.RecordBatchReader'>`. Set `CachingBehavior.IGNORE` or register a versioning function to silence warning. Learn more: https://hamilton.apache.org/concepts/caching/#caching-behavior

-------------------------------------------------------------------
Oh no an error! Need help with Hamilton?
Join our slack and ask for help! https://join.slack.com/t/hamilton-opensource/shared_invite/zt-2niepkra8-DGKGf_tTYhXuJWBTXtIs4g
-------------------------------------------------------------------

Node `subsystems__base` has unhashable result of type `<class 'pyarrow.lib.RecordBatchReader'>`. Set `CachingBehavior.IGNORE` or register a versioning function to silence warning. Learn more: https://hamilton.apache.org/concepts/caching/#caching-behavior

Node `prep__analytics_subsystems.nulls` has unhashable result of type `<class 'pyarrow.lib.RecordBatchReader'>`. Set `CachingBehavior.IGNORE` or register a versioning function to silence warning. Learn more: https://hamilton.apache.org/concepts/caching/#caching-behavior

Node `subsystems__table.raw` has unhashable result of type `<class 'pyarrow.lib.RecordBatchReader'>`. Set `CachingBehavior.IGNORE` or register a versioning function to silence warning. Learn more: https://hamilton.apache.org/concepts/caching/#caching-behavior

Node `post__analytics_subsystems.canonicalize` has unhashable result of type `<class 'pyarrow.lib.RecordBatchReader'>`. Set `CachingBehavior.IGNORE` or register a versioning function to silence warning. Learn more: https://hamilton.apache.org/concepts/caching/#caching-behavior

Node `subsystems__table_raw` has unhashable result of type `<class 'pyarrow.lib.RecordBatchReader'>`. Set `CachingBehavior.IGNORE` or register a versioning function to silence warning. Learn more: https://hamilton.apache.org/concepts/caching/#caching-behavior

-------------------------------------------------------------------
Oh no an error! Need help with Hamilton?
Join our slack and ask for help! https://join.slack.com/t/hamilton-opensource/shared_invite/zt-2niepkra8-DGKGf_tTYhXuJWBTXtIs4g
-------------------------------------------------------------------

Node `entrypoints__base` has unhashable result of type `<class 'pyarrow.lib.RecordBatchReader'>`. Set `CachingBehavior.IGNORE` or register a versioning function to silence warning. Learn more: https://hamilton.apache.org/concepts/caching/#caching-behavior

Node `prep__analytics_entrypoints.nulls` has unhashable result of type `<class 'pyarrow.lib.RecordBatchReader'>`. Set `CachingBehavior.IGNORE` or register a versioning function to silence warning. Learn more: https://hamilton.apache.org/concepts/caching/#caching-behavior

Node `entrypoints__table.raw` has unhashable result of type `<class 'pyarrow.lib.RecordBatchReader'>`. Set `CachingBehavior.IGNORE` or register a versioning function to silence warning. Learn more: https://hamilton.apache.org/concepts/caching/#caching-behavior

Node `post__analytics_entrypoints.canonicalize` has unhashable result of type `<class 'pyarrow.lib.RecordBatchReader'>`. Set `CachingBehavior.IGNORE` or register a versioning function to silence warning. Learn more: https://hamilton.apache.org/concepts/caching/#caching-behavior

Node `entrypoints__table_raw` has unhashable result of type `<class 'pyarrow.lib.RecordBatchReader'>`. Set `CachingBehavior.IGNORE` or register a versioning function to silence warning. Learn more: https://hamilton.apache.org/concepts/caching/#caching-behavior

Node `config_data_flow__base` has unhashable result of type `<class 'pyarrow.lib.RecordBatchReader'>`. Set `CachingBehavior.IGNORE` or register a versioning function to silence warning. Learn more: https://hamilton.apache.org/concepts/caching/#caching-behavior

Node `prep__analytics_config_data_flow.nulls` has unhashable result of type `<class 'pyarrow.lib.RecordBatchReader'>`. Set `CachingBehavior.IGNORE` or register a versioning function to silence warning. Learn more: https://hamilton.apache.org/concepts/caching/#caching-behavior

Node `config_data_flow__table.raw` has unhashable result of type `<class 'pyarrow.lib.RecordBatchReader'>`. Set `CachingBehavior.IGNORE` or register a versioning function to silence warning. Learn more: https://hamilton.apache.org/concepts/caching/#caching-behavior

Node `post__analytics_config_data_flow.canonicalize` has unhashable result of type `<class 'pyarrow.lib.RecordBatchReader'>`. Set `CachingBehavior.IGNORE` or register a versioning function to silence warning. Learn more: https://hamilton.apache.org/concepts/caching/#caching-behavior

Node `config_data_flow__table_raw` has unhashable result of type `<class 'pyarrow.lib.RecordBatchReader'>`. Set `CachingBehavior.IGNORE` or register a versioning function to silence warning. Learn more: https://hamilton.apache.org/concepts/caching/#caching-behavior

-------------------------------------------------------------------
Oh no an error! Need help with Hamilton?
Join our slack and ask for help! https://join.slack.com/t/hamilton-opensource/shared_invite/zt-2niepkra8-DGKGf_tTYhXuJWBTXtIs4g
-------------------------------------------------------------------

Node `config_graph_metrics_keys__base` has unhashable result of type `<class 'pyarrow.lib.RecordBatchReader'>`. Set `CachingBehavior.IGNORE` or register a versioning function to silence warning. Learn more: https://hamilton.apache.org/concepts/caching/#caching-behavior

Node `prep__analytics_config_graph_metrics_keys.nulls` has unhashable result of type `<class 'pyarrow.lib.RecordBatchReader'>`. Set `CachingBehavior.IGNORE` or register a versioning function to silence warning. Learn more: https://hamilton.apache.org/concepts/caching/#caching-behavior

Node `config_graph_metrics_keys__table.raw` has unhashable result of type `<class 'pyarrow.lib.RecordBatchReader'>`. Set `CachingBehavior.IGNORE` or register a versioning function to silence warning. Learn more: https://hamilton.apache.org/concepts/caching/#caching-behavior

Node `post__analytics_config_graph_metrics_keys.canonicalize` has unhashable result of type `<class 'pyarrow.lib.RecordBatchReader'>`. Set `CachingBehavior.IGNORE` or register a versioning function to silence warning. Learn more: https://hamilton.apache.org/concepts/caching/#caching-behavior

Node `config_graph_metrics_keys__table_raw` has unhashable result of type `<class 'pyarrow.lib.RecordBatchReader'>`. Set `CachingBehavior.IGNORE` or register a versioning function to silence warning. Learn more: https://hamilton.apache.org/concepts/caching/#caching-behavior

-------------------------------------------------------------------
Oh no an error! Need help with Hamilton?
Join our slack and ask for help! https://join.slack.com/t/hamilton-opensource/shared_invite/zt-2niepkra8-DGKGf_tTYhXuJWBTXtIs4g
-------------------------------------------------------------------

Node `config_graph_metrics_modules__base` has unhashable result of type `<class 'pyarrow.lib.RecordBatchReader'>`. Set `CachingBehavior.IGNORE` or register a versioning function to silence warning. Learn more: https://hamilton.apache.org/concepts/caching/#caching-behavior

Node `prep__analytics_config_graph_metrics_modules.nulls` has unhashable result of type `<class 'pyarrow.lib.RecordBatchReader'>`. Set `CachingBehavior.IGNORE` or register a versioning function to silence warning. Learn more: https://hamilton.apache.org/concepts/caching/#caching-behavior

Node `config_graph_metrics_modules__table.raw` has unhashable result of type `<class 'pyarrow.lib.RecordBatchReader'>`. Set `CachingBehavior.IGNORE` or register a versioning function to silence warning. Learn more: https://hamilton.apache.org/concepts/caching/#caching-behavior

Node `post__analytics_config_graph_metrics_modules.canonicalize` has unhashable result of type `<class 'pyarrow.lib.RecordBatchReader'>`. Set `CachingBehavior.IGNORE` or register a versioning function to silence warning. Learn more: https://hamilton.apache.org/concepts/caching/#caching-behavior

Node `config_graph_metrics_modules__table_raw` has unhashable result of type `<class 'pyarrow.lib.RecordBatchReader'>`. Set `CachingBehavior.IGNORE` or register a versioning function to silence warning. Learn more: https://hamilton.apache.org/concepts/caching/#caching-behavior

-------------------------------------------------------------------
Oh no an error! Need help with Hamilton?
Join our slack and ask for help! https://join.slack.com/t/hamilton-opensource/shared_invite/zt-2niepkra8-DGKGf_tTYhXuJWBTXtIs4g
-------------------------------------------------------------------

Node `config_projection_key_edges__base` has unhashable result of type `<class 'pyarrow.lib.RecordBatchReader'>`. Set `CachingBehavior.IGNORE` or register a versioning function to silence warning. Learn more: https://hamilton.apache.org/concepts/caching/#caching-behavior

Node `prep__analytics_config_projection_key_edges.nulls` has unhashable result of type `<class 'pyarrow.lib.RecordBatchReader'>`. Set `CachingBehavior.IGNORE` or register a versioning function to silence warning. Learn more: https://hamilton.apache.org/concepts/caching/#caching-behavior

Node `config_projection_key_edges__table.raw` has unhashable result of type `<class 'pyarrow.lib.RecordBatchReader'>`. Set `CachingBehavior.IGNORE` or register a versioning function to silence warning. Learn more: https://hamilton.apache.org/concepts/caching/#caching-behavior

Node `post__analytics_config_projection_key_edges.canonicalize` has unhashable result of type `<class 'pyarrow.lib.RecordBatchReader'>`. Set `CachingBehavior.IGNORE` or register a versioning function to silence warning. Learn more: https://hamilton.apache.org/concepts/caching/#caching-behavior

Node `config_projection_key_edges__table_raw` has unhashable result of type `<class 'pyarrow.lib.RecordBatchReader'>`. Set `CachingBehavior.IGNORE` or register a versioning function to silence warning. Learn more: https://hamilton.apache.org/concepts/caching/#caching-behavior

-------------------------------------------------------------------
Oh no an error! Need help with Hamilton?
Join our slack and ask for help! https://join.slack.com/t/hamilton-opensource/shared_invite/zt-2niepkra8-DGKGf_tTYhXuJWBTXtIs4g
-------------------------------------------------------------------

Node `config_projection_module_edges__base` has unhashable result of type `<class 'pyarrow.lib.RecordBatchReader'>`. Set `CachingBehavior.IGNORE` or register a versioning function to silence warning. Learn more: https://hamilton.apache.org/concepts/caching/#caching-behavior

Node `prep__analytics_config_projection_module_edges.nulls` has unhashable result of type `<class 'pyarrow.lib.RecordBatchReader'>`. Set `CachingBehavior.IGNORE` or register a versioning function to silence warning. Learn more: https://hamilton.apache.org/concepts/caching/#caching-behavior

Node `config_projection_module_edges__table.raw` has unhashable result of type `<class 'pyarrow.lib.RecordBatchReader'>`. Set `CachingBehavior.IGNORE` or register a versioning function to silence warning. Learn more: https://hamilton.apache.org/concepts/caching/#caching-behavior

Node `post__analytics_config_projection_module_edges.canonicalize` has unhashable result of type `<class 'pyarrow.lib.RecordBatchReader'>`. Set `CachingBehavior.IGNORE` or register a versioning function to silence warning. Learn more: https://hamilton.apache.org/concepts/caching/#caching-behavior

Node `config_projection_module_edges__table_raw` has unhashable result of type `<class 'pyarrow.lib.RecordBatchReader'>`. Set `CachingBehavior.IGNORE` or register a versioning function to silence warning. Learn more: https://hamilton.apache.org/concepts/caching/#caching-behavior

-------------------------------------------------------------------
Oh no an error! Need help with Hamilton?
Join our slack and ask for help! https://join.slack.com/t/hamilton-opensource/shared_invite/zt-2niepkra8-DGKGf_tTYhXuJWBTXtIs4g
-------------------------------------------------------------------

Node `data_model_fields__base` has unhashable result of type `<class 'pyarrow.lib.RecordBatchReader'>`. Set `CachingBehavior.IGNORE` or register a versioning function to silence warning. Learn more: https://hamilton.apache.org/concepts/caching/#caching-behavior

Node `prep__analytics_data_model_fields.nulls` has unhashable result of type `<class 'pyarrow.lib.RecordBatchReader'>`. Set `CachingBehavior.IGNORE` or register a versioning function to silence warning. Learn more: https://hamilton.apache.org/concepts/caching/#caching-behavior

Node `data_model_fields__table.raw` has unhashable result of type `<class 'pyarrow.lib.RecordBatchReader'>`. Set `CachingBehavior.IGNORE` or register a versioning function to silence warning. Learn more: https://hamilton.apache.org/concepts/caching/#caching-behavior

Node `post__analytics_data_model_fields.canonicalize` has unhashable result of type `<class 'pyarrow.lib.RecordBatchReader'>`. Set `CachingBehavior.IGNORE` or register a versioning function to silence warning. Learn more: https://hamilton.apache.org/concepts/caching/#caching-behavior

Node `data_model_fields__table_raw` has unhashable result of type `<class 'pyarrow.lib.RecordBatchReader'>`. Set `CachingBehavior.IGNORE` or register a versioning function to silence warning. Learn more: https://hamilton.apache.org/concepts/caching/#caching-behavior

Node `data_model_relationships__base` has unhashable result of type `<class 'pyarrow.lib.RecordBatchReader'>`. Set `CachingBehavior.IGNORE` or register a versioning function to silence warning. Learn more: https://hamilton.apache.org/concepts/caching/#caching-behavior

Node `prep__analytics_data_model_relationships.nulls` has unhashable result of type `<class 'pyarrow.lib.RecordBatchReader'>`. Set `CachingBehavior.IGNORE` or register a versioning function to silence warning. Learn more: https://hamilton.apache.org/concepts/caching/#caching-behavior

Node `data_model_relationships__table.raw` has unhashable result of type `<class 'pyarrow.lib.RecordBatchReader'>`. Set `CachingBehavior.IGNORE` or register a versioning function to silence warning. Learn more: https://hamilton.apache.org/concepts/caching/#caching-behavior

Node `post__analytics_data_model_relationships.canonicalize` has unhashable result of type `<class 'pyarrow.lib.RecordBatchReader'>`. Set `CachingBehavior.IGNORE` or register a versioning function to silence warning. Learn more: https://hamilton.apache.org/concepts/caching/#caching-behavior

Node `data_model_relationships__table_raw` has unhashable result of type `<class 'pyarrow.lib.RecordBatchReader'>`. Set `CachingBehavior.IGNORE` or register a versioning function to silence warning. Learn more: https://hamilton.apache.org/concepts/caching/#caching-behavior

Node `data_models__base` has unhashable result of type `<class 'pyarrow.lib.RecordBatchReader'>`. Set `CachingBehavior.IGNORE` or register a versioning function to silence warning. Learn more: https://hamilton.apache.org/concepts/caching/#caching-behavior

Node `prep__analytics_data_models.nulls` has unhashable result of type `<class 'pyarrow.lib.RecordBatchReader'>`. Set `CachingBehavior.IGNORE` or register a versioning function to silence warning. Learn more: https://hamilton.apache.org/concepts/caching/#caching-behavior

Node `data_models__table.raw` has unhashable result of type `<class 'pyarrow.lib.RecordBatchReader'>`. Set `CachingBehavior.IGNORE` or register a versioning function to silence warning. Learn more: https://hamilton.apache.org/concepts/caching/#caching-behavior

Node `post__analytics_data_models.canonicalize` has unhashable result of type `<class 'pyarrow.lib.RecordBatchReader'>`. Set `CachingBehavior.IGNORE` or register a versioning function to silence warning. Learn more: https://hamilton.apache.org/concepts/caching/#caching-behavior

Node `data_models__table_raw` has unhashable result of type `<class 'pyarrow.lib.RecordBatchReader'>`. Set `CachingBehavior.IGNORE` or register a versioning function to silence warning. Learn more: https://hamilton.apache.org/concepts/caching/#caching-behavior

Node `function_types__base` has unhashable result of type `<class 'pyarrow.lib.RecordBatchReader'>`. Set `CachingBehavior.IGNORE` or register a versioning function to silence warning. Learn more: https://hamilton.apache.org/concepts/caching/#caching-behavior

Node `prep__analytics_function_types.nulls` has unhashable result of type `<class 'pyarrow.lib.RecordBatchReader'>`. Set `CachingBehavior.IGNORE` or register a versioning function to silence warning. Learn more: https://hamilton.apache.org/concepts/caching/#caching-behavior

Node `function_types__table.raw` has unhashable result of type `<class 'pyarrow.lib.RecordBatchReader'>`. Set `CachingBehavior.IGNORE` or register a versioning function to silence warning. Learn more: https://hamilton.apache.org/concepts/caching/#caching-behavior

Node `post__analytics_function_types.canonicalize` has unhashable result of type `<class 'pyarrow.lib.RecordBatchReader'>`. Set `CachingBehavior.IGNORE` or register a versioning function to silence warning. Learn more: https://hamilton.apache.org/concepts/caching/#caching-behavior

Node `function_types__table_raw` has unhashable result of type `<class 'pyarrow.lib.RecordBatchReader'>`. Set `CachingBehavior.IGNORE` or register a versioning function to silence warning. Learn more: https://hamilton.apache.org/concepts/caching/#caching-behavior

Node `data_model_usage__base` has unhashable result of type `<class 'pyarrow.lib.RecordBatchReader'>`. Set `CachingBehavior.IGNORE` or register a versioning function to silence warning. Learn more: https://hamilton.apache.org/concepts/caching/#caching-behavior

Node `prep__analytics_data_model_usage.nulls` has unhashable result of type `<class 'pyarrow.lib.RecordBatchReader'>`. Set `CachingBehavior.IGNORE` or register a versioning function to silence warning. Learn more: https://hamilton.apache.org/concepts/caching/#caching-behavior

Node `data_model_usage__table.raw` has unhashable result of type `<class 'pyarrow.lib.RecordBatchReader'>`. Set `CachingBehavior.IGNORE` or register a versioning function to silence warning. Learn more: https://hamilton.apache.org/concepts/caching/#caching-behavior

Node `post__analytics_data_model_usage.canonicalize` has unhashable result of type `<class 'pyarrow.lib.RecordBatchReader'>`. Set `CachingBehavior.IGNORE` or register a versioning function to silence warning. Learn more: https://hamilton.apache.org/concepts/caching/#caching-behavior

Node `data_model_usage__table_raw` has unhashable result of type `<class 'pyarrow.lib.RecordBatchReader'>`. Set `CachingBehavior.IGNORE` or register a versioning function to silence warning. Learn more: https://hamilton.apache.org/concepts/caching/#caching-behavior

Node `cfg_dfg_metrics_inputs` has unhashable result of type `<class 'codeintel.build.hamilton.native.analytics.cfg_dfg_metrics._CfgDfgMetricsInputs'>`. Set `CachingBehavior.IGNORE` or register a versioning function to silence warning. Learn more: https://hamilton.apache.org/concepts/caching/#caching-behavior

Node `cfg_dfg_metrics_analysis` has unhashable result of type `<class 'codeintel.build.hamilton.native.analytics.cfg_dfg_metrics._CfgDfgMetricsAnalysis'>`. Set `CachingBehavior.IGNORE` or register a versioning function to silence warning. Learn more: https://hamilton.apache.org/concepts/caching/#caching-behavior

Node `dfg_block_metrics__base` has unhashable result of type `<class 'pyarrow.lib.RecordBatchReader'>`. Set `CachingBehavior.IGNORE` or register a versioning function to silence warning. Learn more: https://hamilton.apache.org/concepts/caching/#caching-behavior

Node `prep__analytics_dfg_block_metrics.nulls` has unhashable result of type `<class 'pyarrow.lib.RecordBatchReader'>`. Set `CachingBehavior.IGNORE` or register a versioning function to silence warning. Learn more: https://hamilton.apache.org/concepts/caching/#caching-behavior

Node `dfg_block_metrics__table.raw` has unhashable result of type `<class 'pyarrow.lib.RecordBatchReader'>`. Set `CachingBehavior.IGNORE` or register a versioning function to silence warning. Learn more: https://hamilton.apache.org/concepts/caching/#caching-behavior

Node `post__analytics_dfg_block_metrics.canonicalize` has unhashable result of type `<class 'pyarrow.lib.RecordBatchReader'>`. Set `CachingBehavior.IGNORE` or register a versioning function to silence warning. Learn more: https://hamilton.apache.org/concepts/caching/#caching-behavior

Node `dfg_block_metrics__table_raw` has unhashable result of type `<class 'pyarrow.lib.RecordBatchReader'>`. Set `CachingBehavior.IGNORE` or register a versioning function to silence warning. Learn more: https://hamilton.apache.org/concepts/caching/#caching-behavior

Node `cfg_dfg_metrics_inputs` has unhashable result of type `<class 'codeintel.build.hamilton.native.analytics.cfg_dfg_metrics._CfgDfgMetricsInputs'>`. Set `CachingBehavior.IGNORE` or register a versioning function to silence warning. Learn more: https://hamilton.apache.org/concepts/caching/#caching-behavior

Node `cfg_dfg_metrics_analysis` has unhashable result of type `<class 'codeintel.build.hamilton.native.analytics.cfg_dfg_metrics._CfgDfgMetricsAnalysis'>`. Set `CachingBehavior.IGNORE` or register a versioning function to silence warning. Learn more: https://hamilton.apache.org/concepts/caching/#caching-behavior

Node `dfg_function_metrics__base` has unhashable result of type `<class 'pyarrow.lib.RecordBatchReader'>`. Set `CachingBehavior.IGNORE` or register a versioning function to silence warning. Learn more: https://hamilton.apache.org/concepts/caching/#caching-behavior

Node `prep__analytics_dfg_function_metrics.nulls` has unhashable result of type `<class 'pyarrow.lib.RecordBatchReader'>`. Set `CachingBehavior.IGNORE` or register a versioning function to silence warning. Learn more: https://hamilton.apache.org/concepts/caching/#caching-behavior

Node `dfg_function_metrics__table.raw` has unhashable result of type `<class 'pyarrow.lib.RecordBatchReader'>`. Set `CachingBehavior.IGNORE` or register a versioning function to silence warning. Learn more: https://hamilton.apache.org/concepts/caching/#caching-behavior

Node `post__analytics_dfg_function_metrics.canonicalize` has unhashable result of type `<class 'pyarrow.lib.RecordBatchReader'>`. Set `CachingBehavior.IGNORE` or register a versioning function to silence warning. Learn more: https://hamilton.apache.org/concepts/caching/#caching-behavior

Node `dfg_function_metrics__table_raw` has unhashable result of type `<class 'pyarrow.lib.RecordBatchReader'>`. Set `CachingBehavior.IGNORE` or register a versioning function to silence warning. Learn more: https://hamilton.apache.org/concepts/caching/#caching-behavior

Node `cfg_dfg_metrics_inputs` has unhashable result of type `<class 'codeintel.build.hamilton.native.analytics.cfg_dfg_metrics._CfgDfgMetricsInputs'>`. Set `CachingBehavior.IGNORE` or register a versioning function to silence warning. Learn more: https://hamilton.apache.org/concepts/caching/#caching-behavior

Node `cfg_dfg_metrics_analysis` has unhashable result of type `<class 'codeintel.build.hamilton.native.analytics.cfg_dfg_metrics._CfgDfgMetricsAnalysis'>`. Set `CachingBehavior.IGNORE` or register a versioning function to silence warning. Learn more: https://hamilton.apache.org/concepts/caching/#caching-behavior

Node `dfg_function_metrics_ext__base` has unhashable result of type `<class 'pyarrow.lib.RecordBatchReader'>`. Set `CachingBehavior.IGNORE` or register a versioning function to silence warning. Learn more: https://hamilton.apache.org/concepts/caching/#caching-behavior

Node `prep__analytics_dfg_function_metrics_ext.nulls` has unhashable result of type `<class 'pyarrow.lib.RecordBatchReader'>`. Set `CachingBehavior.IGNORE` or register a versioning function to silence warning. Learn more: https://hamilton.apache.org/concepts/caching/#caching-behavior

Node `dfg_function_metrics_ext__table.raw` has unhashable result of type `<class 'pyarrow.lib.RecordBatchReader'>`. Set `CachingBehavior.IGNORE` or register a versioning function to silence warning. Learn more: https://hamilton.apache.org/concepts/caching/#caching-behavior

Node `post__analytics_dfg_function_metrics_ext.canonicalize` has unhashable result of type `<class 'pyarrow.lib.RecordBatchReader'>`. Set `CachingBehavior.IGNORE` or register a versioning function to silence warning. Learn more: https://hamilton.apache.org/concepts/caching/#caching-behavior

Node `dfg_function_metrics_ext__table_raw` has unhashable result of type `<class 'pyarrow.lib.RecordBatchReader'>`. Set `CachingBehavior.IGNORE` or register a versioning function to silence warning. Learn more: https://hamilton.apache.org/concepts/caching/#caching-behavior

-------------------------------------------------------------------
Oh no an error! Need help with Hamilton?
Join our slack and ask for help! https://join.slack.com/t/hamilton-opensource/shared_invite/zt-2niepkra8-DGKGf_tTYhXuJWBTXtIs4g
-------------------------------------------------------------------

Node `entrypoint_tests__base` has unhashable result of type `<class 'pyarrow.lib.RecordBatchReader'>`. Set `CachingBehavior.IGNORE` or register a versioning function to silence warning. Learn more: https://hamilton.apache.org/concepts/caching/#caching-behavior

Node `prep__analytics_entrypoint_tests.nulls` has unhashable result of type `<class 'pyarrow.lib.RecordBatchReader'>`. Set `CachingBehavior.IGNORE` or register a versioning function to silence warning. Learn more: https://hamilton.apache.org/concepts/caching/#caching-behavior

Node `entrypoint_tests__table.raw` has unhashable result of type `<class 'pyarrow.lib.RecordBatchReader'>`. Set `CachingBehavior.IGNORE` or register a versioning function to silence warning. Learn more: https://hamilton.apache.org/concepts/caching/#caching-behavior

Node `post__analytics_entrypoint_tests.canonicalize` has unhashable result of type `<class 'pyarrow.lib.RecordBatchReader'>`. Set `CachingBehavior.IGNORE` or register a versioning function to silence warning. Learn more: https://hamilton.apache.org/concepts/caching/#caching-behavior

Node `entrypoint_tests__table_raw` has unhashable result of type `<class 'pyarrow.lib.RecordBatchReader'>`. Set `CachingBehavior.IGNORE` or register a versioning function to silence warning. Learn more: https://hamilton.apache.org/concepts/caching/#caching-behavior

-------------------------------------------------------------------
Oh no an error! Need help with Hamilton?
Join our slack and ask for help! https://join.slack.com/t/hamilton-opensource/shared_invite/zt-2niepkra8-DGKGf_tTYhXuJWBTXtIs4g
-------------------------------------------------------------------

Node `external_dependency_calls__base` has unhashable result of type `<class 'pyarrow.lib.RecordBatchReader'>`. Set `CachingBehavior.IGNORE` or register a versioning function to silence warning. Learn more: https://hamilton.apache.org/concepts/caching/#caching-behavior

Node `prep__analytics_external_dependency_calls.nulls` has unhashable result of type `<class 'pyarrow.lib.RecordBatchReader'>`. Set `CachingBehavior.IGNORE` or register a versioning function to silence warning. Learn more: https://hamilton.apache.org/concepts/caching/#caching-behavior

Failed to export traces to localhost:4317, error code: StatusCode.UNAVAILABLE
Transient error StatusCode.UNAVAILABLE encountered while exporting traces to localhost:4317, retrying in 0.88s.
Node `external_dependency_calls__table.raw` has unhashable result of type `<class 'pyarrow.lib.RecordBatchReader'>`. Set `CachingBehavior.IGNORE` or register a versioning function to silence warning. Learn more: https://hamilton.apache.org/concepts/caching/#caching-behavior

Node `post__analytics_external_dependency_calls.canonicalize` has unhashable result of type `<class 'pyarrow.lib.RecordBatchReader'>`. Set `CachingBehavior.IGNORE` or register a versioning function to silence warning. Learn more: https://hamilton.apache.org/concepts/caching/#caching-behavior

Node `external_dependency_calls__table_raw` has unhashable result of type `<class 'pyarrow.lib.RecordBatchReader'>`. Set `CachingBehavior.IGNORE` or register a versioning function to silence warning. Learn more: https://hamilton.apache.org/concepts/caching/#caching-behavior

Node `external_dependencies__base` has unhashable result of type `<class 'pyarrow.lib.RecordBatchReader'>`. Set `CachingBehavior.IGNORE` or register a versioning function to silence warning. Learn more: https://hamilton.apache.org/concepts/caching/#caching-behavior

Node `prep__analytics_external_dependencies.nulls` has unhashable result of type `<class 'pyarrow.lib.RecordBatchReader'>`. Set `CachingBehavior.IGNORE` or register a versioning function to silence warning. Learn more: https://hamilton.apache.org/concepts/caching/#caching-behavior

Node `external_dependencies__table.raw` has unhashable result of type `<class 'pyarrow.lib.RecordBatchReader'>`. Set `CachingBehavior.IGNORE` or register a versioning function to silence warning. Learn more: https://hamilton.apache.org/concepts/caching/#caching-behavior

Node `post__analytics_external_dependencies.canonicalize` has unhashable result of type `<class 'pyarrow.lib.RecordBatchReader'>`. Set `CachingBehavior.IGNORE` or register a versioning function to silence warning. Learn more: https://hamilton.apache.org/concepts/caching/#caching-behavior

Node `external_dependencies__table_raw` has unhashable result of type `<class 'pyarrow.lib.RecordBatchReader'>`. Set `CachingBehavior.IGNORE` or register a versioning function to silence warning. Learn more: https://hamilton.apache.org/concepts/caching/#caching-behavior

Node `function_contracts__base` has unhashable result of type `<class 'pyarrow.lib.RecordBatchReader'>`. Set `CachingBehavior.IGNORE` or register a versioning function to silence warning. Learn more: https://hamilton.apache.org/concepts/caching/#caching-behavior

Node `prep__analytics_function_contracts.nulls` has unhashable result of type `<class 'pyarrow.lib.RecordBatchReader'>`. Set `CachingBehavior.IGNORE` or register a versioning function to silence warning. Learn more: https://hamilton.apache.org/concepts/caching/#caching-behavior

Node `function_contracts__table.raw` has unhashable result of type `<class 'pyarrow.lib.RecordBatchReader'>`. Set `CachingBehavior.IGNORE` or register a versioning function to silence warning. Learn more: https://hamilton.apache.org/concepts/caching/#caching-behavior

Node `post__analytics_function_contracts.canonicalize` has unhashable result of type `<class 'pyarrow.lib.RecordBatchReader'>`. Set `CachingBehavior.IGNORE` or register a versioning function to silence warning. Learn more: https://hamilton.apache.org/concepts/caching/#caching-behavior

Node `function_contracts__table_raw` has unhashable result of type `<class 'pyarrow.lib.RecordBatchReader'>`. Set `CachingBehavior.IGNORE` or register a versioning function to silence warning. Learn more: https://hamilton.apache.org/concepts/caching/#caching-behavior

Node `function_effects__base` has unhashable result of type `<class 'pyarrow.lib.RecordBatchReader'>`. Set `CachingBehavior.IGNORE` or register a versioning function to silence warning. Learn more: https://hamilton.apache.org/concepts/caching/#caching-behavior

Node `prep__analytics_function_effects.nulls` has unhashable result of type `<class 'pyarrow.lib.RecordBatchReader'>`. Set `CachingBehavior.IGNORE` or register a versioning function to silence warning. Learn more: https://hamilton.apache.org/concepts/caching/#caching-behavior

Node `function_effects__table.raw` has unhashable result of type `<class 'pyarrow.lib.RecordBatchReader'>`. Set `CachingBehavior.IGNORE` or register a versioning function to silence warning. Learn more: https://hamilton.apache.org/concepts/caching/#caching-behavior

Node `post__analytics_function_effects.canonicalize` has unhashable result of type `<class 'pyarrow.lib.RecordBatchReader'>`. Set `CachingBehavior.IGNORE` or register a versioning function to silence warning. Learn more: https://hamilton.apache.org/concepts/caching/#caching-behavior

Node `function_effects__table_raw` has unhashable result of type `<class 'pyarrow.lib.RecordBatchReader'>`. Set `CachingBehavior.IGNORE` or register a versioning function to silence warning. Learn more: https://hamilton.apache.org/concepts/caching/#caching-behavior

Node `function_validation__base` has unhashable result of type `<class 'pyarrow.lib.RecordBatchReader'>`. Set `CachingBehavior.IGNORE` or register a versioning function to silence warning. Learn more: https://hamilton.apache.org/concepts/caching/#caching-behavior

Node `prep__analytics_function_validation.nulls` has unhashable result of type `<class 'pyarrow.lib.RecordBatchReader'>`. Set `CachingBehavior.IGNORE` or register a versioning function to silence warning. Learn more: https://hamilton.apache.org/concepts/caching/#caching-behavior

Node `function_validation__table.raw` has unhashable result of type `<class 'pyarrow.lib.RecordBatchReader'>`. Set `CachingBehavior.IGNORE` or register a versioning function to silence warning. Learn more: https://hamilton.apache.org/concepts/caching/#caching-behavior

Node `post__analytics_function_validation.canonicalize` has unhashable result of type `<class 'pyarrow.lib.RecordBatchReader'>`. Set `CachingBehavior.IGNORE` or register a versioning function to silence warning. Learn more: https://hamilton.apache.org/concepts/caching/#caching-behavior

Node `function_validation__table_raw` has unhashable result of type `<class 'pyarrow.lib.RecordBatchReader'>`. Set `CachingBehavior.IGNORE` or register a versioning function to silence warning. Learn more: https://hamilton.apache.org/concepts/caching/#caching-behavior

Node `graph_metrics_functions__base` has unhashable result of type `<class 'pyarrow.lib.RecordBatchReader'>`. Set `CachingBehavior.IGNORE` or register a versioning function to silence warning. Learn more: https://hamilton.apache.org/concepts/caching/#caching-behavior

Node `prep__analytics_graph_metrics_functions.nulls` has unhashable result of type `<class 'pyarrow.lib.RecordBatchReader'>`. Set `CachingBehavior.IGNORE` or register a versioning function to silence warning. Learn more: https://hamilton.apache.org/concepts/caching/#caching-behavior

Node `graph_metrics_functions__table.raw` has unhashable result of type `<class 'pyarrow.lib.RecordBatchReader'>`. Set `CachingBehavior.IGNORE` or register a versioning function to silence warning. Learn more: https://hamilton.apache.org/concepts/caching/#caching-behavior

Node `post__analytics_graph_metrics_functions.canonicalize` has unhashable result of type `<class 'pyarrow.lib.RecordBatchReader'>`. Set `CachingBehavior.IGNORE` or register a versioning function to silence warning. Learn more: https://hamilton.apache.org/concepts/caching/#caching-behavior

Node `graph_metrics_functions__table_raw` has unhashable result of type `<class 'pyarrow.lib.RecordBatchReader'>`. Set `CachingBehavior.IGNORE` or register a versioning function to silence warning. Learn more: https://hamilton.apache.org/concepts/caching/#caching-behavior

Node `graph_metrics_functions_ext__base` has unhashable result of type `<class 'pyarrow.lib.RecordBatchReader'>`. Set `CachingBehavior.IGNORE` or register a versioning function to silence warning. Learn more: https://hamilton.apache.org/concepts/caching/#caching-behavior

Node `prep__analytics_graph_metrics_functions_ext.nulls` has unhashable result of type `<class 'pyarrow.lib.RecordBatchReader'>`. Set `CachingBehavior.IGNORE` or register a versioning function to silence warning. Learn more: https://hamilton.apache.org/concepts/caching/#caching-behavior

Node `graph_metrics_functions_ext__table.raw` has unhashable result of type `<class 'pyarrow.lib.RecordBatchReader'>`. Set `CachingBehavior.IGNORE` or register a versioning function to silence warning. Learn more: https://hamilton.apache.org/concepts/caching/#caching-behavior

Node `post__analytics_graph_metrics_functions_ext.canonicalize` has unhashable result of type `<class 'pyarrow.lib.RecordBatchReader'>`. Set `CachingBehavior.IGNORE` or register a versioning function to silence warning. Learn more: https://hamilton.apache.org/concepts/caching/#caching-behavior

Node `graph_metrics_functions_ext__table_raw` has unhashable result of type `<class 'pyarrow.lib.RecordBatchReader'>`. Set `CachingBehavior.IGNORE` or register a versioning function to silence warning. Learn more: https://hamilton.apache.org/concepts/caching/#caching-behavior

Node `graph_metrics_modules__base` has unhashable result of type `<class 'pyarrow.lib.RecordBatchReader'>`. Set `CachingBehavior.IGNORE` or register a versioning function to silence warning. Learn more: https://hamilton.apache.org/concepts/caching/#caching-behavior

Node `prep__analytics_graph_metrics_modules.nulls` has unhashable result of type `<class 'pyarrow.lib.RecordBatchReader'>`. Set `CachingBehavior.IGNORE` or register a versioning function to silence warning. Learn more: https://hamilton.apache.org/concepts/caching/#caching-behavior

Node `graph_metrics_modules__table.raw` has unhashable result of type `<class 'pyarrow.lib.RecordBatchReader'>`. Set `CachingBehavior.IGNORE` or register a versioning function to silence warning. Learn more: https://hamilton.apache.org/concepts/caching/#caching-behavior

Node `post__analytics_graph_metrics_modules.canonicalize` has unhashable result of type `<class 'pyarrow.lib.RecordBatchReader'>`. Set `CachingBehavior.IGNORE` or register a versioning function to silence warning. Learn more: https://hamilton.apache.org/concepts/caching/#caching-behavior

Node `graph_metrics_modules__table_raw` has unhashable result of type `<class 'pyarrow.lib.RecordBatchReader'>`. Set `CachingBehavior.IGNORE` or register a versioning function to silence warning. Learn more: https://hamilton.apache.org/concepts/caching/#caching-behavior

Node `graph_metrics_modules_ext__base` has unhashable result of type `<class 'pyarrow.lib.RecordBatchReader'>`. Set `CachingBehavior.IGNORE` or register a versioning function to silence warning. Learn more: https://hamilton.apache.org/concepts/caching/#caching-behavior

Node `prep__analytics_graph_metrics_modules_ext.nulls` has unhashable result of type `<class 'pyarrow.lib.RecordBatchReader'>`. Set `CachingBehavior.IGNORE` or register a versioning function to silence warning. Learn more: https://hamilton.apache.org/concepts/caching/#caching-behavior

Node `graph_metrics_modules_ext__table.raw` has unhashable result of type `<class 'pyarrow.lib.RecordBatchReader'>`. Set `CachingBehavior.IGNORE` or register a versioning function to silence warning. Learn more: https://hamilton.apache.org/concepts/caching/#caching-behavior

Node `post__analytics_graph_metrics_modules_ext.canonicalize` has unhashable result of type `<class 'pyarrow.lib.RecordBatchReader'>`. Set `CachingBehavior.IGNORE` or register a versioning function to silence warning. Learn more: https://hamilton.apache.org/concepts/caching/#caching-behavior

Node `graph_metrics_modules_ext__table_raw` has unhashable result of type `<class 'pyarrow.lib.RecordBatchReader'>`. Set `CachingBehavior.IGNORE` or register a versioning function to silence warning. Learn more: https://hamilton.apache.org/concepts/caching/#caching-behavior

-------------------------------------------------------------------
Oh no an error! Need help with Hamilton?
Join our slack and ask for help! https://join.slack.com/t/hamilton-opensource/shared_invite/zt-2niepkra8-DGKGf_tTYhXuJWBTXtIs4g
-------------------------------------------------------------------

Node `graph_stats__base` has unhashable result of type `<class 'pyarrow.lib.RecordBatchReader'>`. Set `CachingBehavior.IGNORE` or register a versioning function to silence warning. Learn more: https://hamilton.apache.org/concepts/caching/#caching-behavior

Node `prep__analytics_graph_stats.nulls` has unhashable result of type `<class 'pyarrow.lib.RecordBatchReader'>`. Set `CachingBehavior.IGNORE` or register a versioning function to silence warning. Learn more: https://hamilton.apache.org/concepts/caching/#caching-behavior

Node `graph_stats__table.raw` has unhashable result of type `<class 'pyarrow.lib.RecordBatchReader'>`. Set `CachingBehavior.IGNORE` or register a versioning function to silence warning. Learn more: https://hamilton.apache.org/concepts/caching/#caching-behavior

Node `post__analytics_graph_stats.canonicalize` has unhashable result of type `<class 'pyarrow.lib.RecordBatchReader'>`. Set `CachingBehavior.IGNORE` or register a versioning function to silence warning. Learn more: https://hamilton.apache.org/concepts/caching/#caching-behavior

Node `graph_stats__table_raw` has unhashable result of type `<class 'pyarrow.lib.RecordBatchReader'>`. Set `CachingBehavior.IGNORE` or register a versioning function to silence warning. Learn more: https://hamilton.apache.org/concepts/caching/#caching-behavior

Dataset snapshot missing for core.modules@3c5af2164daa028b369ed5d8f6a460dc1b2f085d
Dataset snapshot missing for core.goids@3c5af2164daa028b369ed5d8f6a460dc1b2f085d
Dataset snapshot missing for core.goids@3c5af2164daa028b369ed5d8f6a460dc1b2f085d
Dataset snapshot missing for core.goids@3c5af2164daa028b369ed5d8f6a460dc1b2f085d
Dataset snapshot missing for core.goids@3c5af2164daa028b369ed5d8f6a460dc1b2f085d
Dataset snapshot missing for graph.call_graph_nodes@3c5af2164daa028b369ed5d8f6a460dc1b2f085d
Dataset snapshot missing for graph.call_graph_edges@3c5af2164daa028b369ed5d8f6a460dc1b2f085d
Dataset snapshot missing for core.goids@3c5af2164daa028b369ed5d8f6a460dc1b2f085d
Dataset snapshot missing for core.modules@3c5af2164daa028b369ed5d8f6a460dc1b2f085d
Skipping graph validation check missing_function_goids; missing Parquet tables: core.ast_nodes, core.goids
Skipping graph validation check callsite_span_mismatch; missing Parquet tables: graph.call_graph_edges
Skipping graph validation check orphan_modules; missing Parquet tables: core.modules, core.goids
Dataset snapshot missing for core.py_sym_bindings@3c5af2164daa028b369ed5d8f6a460dc1b2f085d
Dataset snapshot missing for core.py_sym_resolution_edges@3c5af2164daa028b369ed5d8f6a460dc1b2f085d
Dataset snapshot missing for core.py_sym_scopes@3c5af2164daa028b369ed5d8f6a460dc1b2f085d
Dataset snapshot missing for core.py_sym_function_partitions@3c5af2164daa028b369ed5d8f6a460dc1b2f085d
Dataset snapshot missing for core.py_bc_code_units@3c5af2164daa028b369ed5d8f6a460dc1b2f085d
Dataset snapshot missing for core.py_bc_cfg_edges@3c5af2164daa028b369ed5d8f6a460dc1b2f085d
Dataset snapshot missing for core.py_bc_blocks@3c5af2164daa028b369ed5d8f6a460dc1b2f085d
Dataset snapshot missing for graph.cpg_edges@3c5af2164daa028b369ed5d8f6a460dc1b2f085d
Dataset snapshot missing for core.py_bc_defuse_events@3c5af2164daa028b369ed5d8f6a460dc1b2f085d
Dataset snapshot missing for graph.cpg_edges@3c5af2164daa028b369ed5d8f6a460dc1b2f085d
Dataset snapshot missing for core.py_bc_defuse_events@3c5af2164daa028b369ed5d8f6a460dc1b2f085d
Dataset snapshot missing for graph.cpg_edges@3c5af2164daa028b369ed5d8f6a460dc1b2f085d
Dataset snapshot missing for core.py_bc_defuse_events@3c5af2164daa028b369ed5d8f6a460dc1b2f085d
Dataset snapshot missing for graph.cpg_edges@3c5af2164daa028b369ed5d8f6a460dc1b2f085d
Validation table missing: graph.call_graph_edges
Validation table missing: graph.import_graph_edges
Validation table missing: graph.symbol_use_edges
Validation table missing: analytics.config_values
Skipping graph validation check symbol_communities; missing Parquet tables: analytics.symbol_graph_metrics_modules
Skipping graph validation check subsystem_disagreement; missing Parquet tables: analytics.subsystem_agreement
Node `graph_validation__base` has unhashable result of type `<class 'pyarrow.lib.RecordBatchReader'>`. Set `CachingBehavior.IGNORE` or register a versioning function to silence warning. Learn more: https://hamilton.apache.org/concepts/caching/#caching-behavior

Node `prep__analytics_graph_validation.nulls` has unhashable result of type `<class 'pyarrow.lib.RecordBatchReader'>`. Set `CachingBehavior.IGNORE` or register a versioning function to silence warning. Learn more: https://hamilton.apache.org/concepts/caching/#caching-behavior

Node `graph_validation__table.raw` has unhashable result of type `<class 'pyarrow.lib.RecordBatchReader'>`. Set `CachingBehavior.IGNORE` or register a versioning function to silence warning. Learn more: https://hamilton.apache.org/concepts/caching/#caching-behavior

Node `post__analytics_graph_validation.canonicalize` has unhashable result of type `<class 'pyarrow.lib.RecordBatchReader'>`. Set `CachingBehavior.IGNORE` or register a versioning function to silence warning. Learn more: https://hamilton.apache.org/concepts/caching/#caching-behavior

Node `graph_validation__table_raw` has unhashable result of type `<class 'pyarrow.lib.RecordBatchReader'>`. Set `CachingBehavior.IGNORE` or register a versioning function to silence warning. Learn more: https://hamilton.apache.org/concepts/caching/#caching-behavior

Node `semantic_roles_functions__base` has unhashable result of type `<class 'pyarrow.lib.RecordBatchReader'>`. Set `CachingBehavior.IGNORE` or register a versioning function to silence warning. Learn more: https://hamilton.apache.org/concepts/caching/#caching-behavior

Node `prep__analytics_semantic_roles_functions.nulls` has unhashable result of type `<class 'pyarrow.lib.RecordBatchReader'>`. Set `CachingBehavior.IGNORE` or register a versioning function to silence warning. Learn more: https://hamilton.apache.org/concepts/caching/#caching-behavior

Node `semantic_roles_functions__table.raw` has unhashable result of type `<class 'pyarrow.lib.RecordBatchReader'>`. Set `CachingBehavior.IGNORE` or register a versioning function to silence warning. Learn more: https://hamilton.apache.org/concepts/caching/#caching-behavior

Node `post__analytics_semantic_roles_functions.canonicalize` has unhashable result of type `<class 'pyarrow.lib.RecordBatchReader'>`. Set `CachingBehavior.IGNORE` or register a versioning function to silence warning. Learn more: https://hamilton.apache.org/concepts/caching/#caching-behavior

Node `semantic_roles_functions__table_raw` has unhashable result of type `<class 'pyarrow.lib.RecordBatchReader'>`. Set `CachingBehavior.IGNORE` or register a versioning function to silence warning. Learn more: https://hamilton.apache.org/concepts/caching/#caching-behavior

Node `semantic_roles_modules__base` has unhashable result of type `<class 'pyarrow.lib.RecordBatchReader'>`. Set `CachingBehavior.IGNORE` or register a versioning function to silence warning. Learn more: https://hamilton.apache.org/concepts/caching/#caching-behavior

Node `prep__analytics_semantic_roles_modules.nulls` has unhashable result of type `<class 'pyarrow.lib.RecordBatchReader'>`. Set `CachingBehavior.IGNORE` or register a versioning function to silence warning. Learn more: https://hamilton.apache.org/concepts/caching/#caching-behavior

Node `semantic_roles_modules__table.raw` has unhashable result of type `<class 'pyarrow.lib.RecordBatchReader'>`. Set `CachingBehavior.IGNORE` or register a versioning function to silence warning. Learn more: https://hamilton.apache.org/concepts/caching/#caching-behavior

Node `post__analytics_semantic_roles_modules.canonicalize` has unhashable result of type `<class 'pyarrow.lib.RecordBatchReader'>`. Set `CachingBehavior.IGNORE` or register a versioning function to silence warning. Learn more: https://hamilton.apache.org/concepts/caching/#caching-behavior

Node `semantic_roles_modules__table_raw` has unhashable result of type `<class 'pyarrow.lib.RecordBatchReader'>`. Set `CachingBehavior.IGNORE` or register a versioning function to silence warning. Learn more: https://hamilton.apache.org/concepts/caching/#caching-behavior

Node `subsystem_agreement__base` has unhashable result of type `<class 'pyarrow.lib.RecordBatchReader'>`. Set `CachingBehavior.IGNORE` or register a versioning function to silence warning. Learn more: https://hamilton.apache.org/concepts/caching/#caching-behavior

Node `prep__analytics_subsystem_agreement.nulls` has unhashable result of type `<class 'pyarrow.lib.RecordBatchReader'>`. Set `CachingBehavior.IGNORE` or register a versioning function to silence warning. Learn more: https://hamilton.apache.org/concepts/caching/#caching-behavior

Node `subsystem_agreement__table.raw` has unhashable result of type `<class 'pyarrow.lib.RecordBatchReader'>`. Set `CachingBehavior.IGNORE` or register a versioning function to silence warning. Learn more: https://hamilton.apache.org/concepts/caching/#caching-behavior

Node `post__analytics_subsystem_agreement.canonicalize` has unhashable result of type `<class 'pyarrow.lib.RecordBatchReader'>`. Set `CachingBehavior.IGNORE` or register a versioning function to silence warning. Learn more: https://hamilton.apache.org/concepts/caching/#caching-behavior

Node `subsystem_agreement__table_raw` has unhashable result of type `<class 'pyarrow.lib.RecordBatchReader'>`. Set `CachingBehavior.IGNORE` or register a versioning function to silence warning. Learn more: https://hamilton.apache.org/concepts/caching/#caching-behavior

Node `subsystem_graph_metrics__base` has unhashable result of type `<class 'pyarrow.lib.RecordBatchReader'>`. Set `CachingBehavior.IGNORE` or register a versioning function to silence warning. Learn more: https://hamilton.apache.org/concepts/caching/#caching-behavior

Node `prep__analytics_subsystem_graph_metrics.nulls` has unhashable result of type `<class 'pyarrow.lib.RecordBatchReader'>`. Set `CachingBehavior.IGNORE` or register a versioning function to silence warning. Learn more: https://hamilton.apache.org/concepts/caching/#caching-behavior

Node `subsystem_graph_metrics__table.raw` has unhashable result of type `<class 'pyarrow.lib.RecordBatchReader'>`. Set `CachingBehavior.IGNORE` or register a versioning function to silence warning. Learn more: https://hamilton.apache.org/concepts/caching/#caching-behavior

Node `post__analytics_subsystem_graph_metrics.canonicalize` has unhashable result of type `<class 'pyarrow.lib.RecordBatchReader'>`. Set `CachingBehavior.IGNORE` or register a versioning function to silence warning. Learn more: https://hamilton.apache.org/concepts/caching/#caching-behavior

Node `subsystem_graph_metrics__table_raw` has unhashable result of type `<class 'pyarrow.lib.RecordBatchReader'>`. Set `CachingBehavior.IGNORE` or register a versioning function to silence warning. Learn more: https://hamilton.apache.org/concepts/caching/#caching-behavior

Node `subsystem_profile_cache__base` has unhashable result of type `<class 'pyarrow.lib.RecordBatchReader'>`. Set `CachingBehavior.IGNORE` or register a versioning function to silence warning. Learn more: https://hamilton.apache.org/concepts/caching/#caching-behavior

Node `prep__analytics_subsystem_profile_cache.nulls` has unhashable result of type `<class 'pyarrow.lib.RecordBatchReader'>`. Set `CachingBehavior.IGNORE` or register a versioning function to silence warning. Learn more: https://hamilton.apache.org/concepts/caching/#caching-behavior

Node `subsystem_profile_cache__table.raw` has unhashable result of type `<class 'pyarrow.lib.RecordBatchReader'>`. Set `CachingBehavior.IGNORE` or register a versioning function to silence warning. Learn more: https://hamilton.apache.org/concepts/caching/#caching-behavior

Node `post__analytics_subsystem_profile_cache.canonicalize` has unhashable result of type `<class 'pyarrow.lib.RecordBatchReader'>`. Set `CachingBehavior.IGNORE` or register a versioning function to silence warning. Learn more: https://hamilton.apache.org/concepts/caching/#caching-behavior

Node `subsystem_profile_cache__table_raw` has unhashable result of type `<class 'pyarrow.lib.RecordBatchReader'>`. Set `CachingBehavior.IGNORE` or register a versioning function to silence warning. Learn more: https://hamilton.apache.org/concepts/caching/#caching-behavior

Node `symbol_graph_metrics_functions__base` has unhashable result of type `<class 'pyarrow.lib.RecordBatchReader'>`. Set `CachingBehavior.IGNORE` or register a versioning function to silence warning. Learn more: https://hamilton.apache.org/concepts/caching/#caching-behavior

Node `prep__analytics_symbol_graph_metrics_functions.nulls` has unhashable result of type `<class 'pyarrow.lib.RecordBatchReader'>`. Set `CachingBehavior.IGNORE` or register a versioning function to silence warning. Learn more: https://hamilton.apache.org/concepts/caching/#caching-behavior

Node `symbol_graph_metrics_functions__table.raw` has unhashable result of type `<class 'pyarrow.lib.RecordBatchReader'>`. Set `CachingBehavior.IGNORE` or register a versioning function to silence warning. Learn more: https://hamilton.apache.org/concepts/caching/#caching-behavior

Node `post__analytics_symbol_graph_metrics_functions.canonicalize` has unhashable result of type `<class 'pyarrow.lib.RecordBatchReader'>`. Set `CachingBehavior.IGNORE` or register a versioning function to silence warning. Learn more: https://hamilton.apache.org/concepts/caching/#caching-behavior

Node `symbol_graph_metrics_functions__table_raw` has unhashable result of type `<class 'pyarrow.lib.RecordBatchReader'>`. Set `CachingBehavior.IGNORE` or register a versioning function to silence warning. Learn more: https://hamilton.apache.org/concepts/caching/#caching-behavior

Node `symbol_graph_metrics_modules__base` has unhashable result of type `<class 'pyarrow.lib.RecordBatchReader'>`. Set `CachingBehavior.IGNORE` or register a versioning function to silence warning. Learn more: https://hamilton.apache.org/concepts/caching/#caching-behavior

Node `prep__analytics_symbol_graph_metrics_modules.nulls` has unhashable result of type `<class 'pyarrow.lib.RecordBatchReader'>`. Set `CachingBehavior.IGNORE` or register a versioning function to silence warning. Learn more: https://hamilton.apache.org/concepts/caching/#caching-behavior

Node `symbol_graph_metrics_modules__table.raw` has unhashable result of type `<class 'pyarrow.lib.RecordBatchReader'>`. Set `CachingBehavior.IGNORE` or register a versioning function to silence warning. Learn more: https://hamilton.apache.org/concepts/caching/#caching-behavior

Node `post__analytics_symbol_graph_metrics_modules.canonicalize` has unhashable result of type `<class 'pyarrow.lib.RecordBatchReader'>`. Set `CachingBehavior.IGNORE` or register a versioning function to silence warning. Learn more: https://hamilton.apache.org/concepts/caching/#caching-behavior

Node `symbol_graph_metrics_modules__table_raw` has unhashable result of type `<class 'pyarrow.lib.RecordBatchReader'>`. Set `CachingBehavior.IGNORE` or register a versioning function to silence warning. Learn more: https://hamilton.apache.org/concepts/caching/#caching-behavior

-------------------------------------------------------------------
Oh no an error! Need help with Hamilton?
Join our slack and ask for help! https://join.slack.com/t/hamilton-opensource/shared_invite/zt-2niepkra8-DGKGf_tTYhXuJWBTXtIs4g
-------------------------------------------------------------------

Node `goids_inputs` has unhashable result of type `<class 'codeintel.build.hamilton.native.graphs.goids._GoidsInputs'>`. Set `CachingBehavior.IGNORE` or register a versioning function to silence warning. Learn more: https://hamilton.apache.org/concepts/caching/#caching-behavior

Node `goids_analysis` has unhashable result of type `<class 'codeintel.build.hamilton.native.graphs.goids._GoidsAnalysis'>`. Set `CachingBehavior.IGNORE` or register a versioning function to silence warning. Learn more: https://hamilton.apache.org/concepts/caching/#caching-behavior

Node `goid_crosswalk__base` has unhashable result of type `<class 'pyarrow.lib.RecordBatchReader'>`. Set `CachingBehavior.IGNORE` or register a versioning function to silence warning. Learn more: https://hamilton.apache.org/concepts/caching/#caching-behavior

Node `goid_crosswalk__table_raw` has unhashable result of type `<class 'pyarrow.lib.RecordBatchReader'>`. Set `CachingBehavior.IGNORE` or register a versioning function to silence warning. Learn more: https://hamilton.apache.org/concepts/caching/#caching-behavior

Node `scip_resolution__occurrence_syntax_xref__base` has unhashable result of type `<class 'pyarrow.lib.RecordBatchReader'>`. Set `CachingBehavior.IGNORE` or register a versioning function to silence warning. Learn more: https://hamilton.apache.org/concepts/caching/#caching-behavior

Node `scip_resolution__occurrence_syntax_xref_raw` has unhashable result of type `<class 'pyarrow.lib.RecordBatchReader'>`. Set `CachingBehavior.IGNORE` or register a versioning function to silence warning. Learn more: https://hamilton.apache.org/concepts/caching/#caching-behavior

Node `build_goid_crosswalk_join_raw` has unhashable result of type `<class 'pyarrow.lib.RecordBatchReader'>`. Set `CachingBehavior.IGNORE` or register a versioning function to silence warning. Learn more: https://hamilton.apache.org/concepts/caching/#caching-behavior

Node `build_goid_crosswalk_mismatches_raw` has unhashable result of type `<class 'pyarrow.lib.RecordBatchReader'>`. Set `CachingBehavior.IGNORE` or register a versioning function to silence warning. Learn more: https://hamilton.apache.org/concepts/caching/#caching-behavior

Node `build_docs_behavioral_classification_input_raw` has unhashable result of type `<class 'pyarrow.lib.RecordBatchReader'>`. Set `CachingBehavior.IGNORE` or register a versioning function to silence warning. Learn more: https://hamilton.apache.org/concepts/caching/#caching-behavior

Node `build_call_graph_enriched_raw` has unhashable result of type `<class 'pyarrow.lib.RecordBatchReader'>`. Set `CachingBehavior.IGNORE` or register a versioning function to silence warning. Learn more: https://hamilton.apache.org/concepts/caching/#caching-behavior

Node `build_docs_cfg_block_architecture_raw` has unhashable result of type `<class 'pyarrow.lib.RecordBatchReader'>`. Set `CachingBehavior.IGNORE` or register a versioning function to silence warning. Learn more: https://hamilton.apache.org/concepts/caching/#caching-behavior

Node `build_docs_config_data_flow_raw` has unhashable result of type `<class 'pyarrow.lib.RecordBatchReader'>`. Set `CachingBehavior.IGNORE` or register a versioning function to silence warning. Learn more: https://hamilton.apache.org/concepts/caching/#caching-behavior

Node `build_docs_data_model_fields_raw` has unhashable result of type `<class 'pyarrow.lib.RecordBatchReader'>`. Set `CachingBehavior.IGNORE` or register a versioning function to silence warning. Learn more: https://hamilton.apache.org/concepts/caching/#caching-behavior

Node `build_docs_data_model_relationships_raw` has unhashable result of type `<class 'pyarrow.lib.RecordBatchReader'>`. Set `CachingBehavior.IGNORE` or register a versioning function to silence warning. Learn more: https://hamilton.apache.org/concepts/caching/#caching-behavior

Node `build_docs_data_model_usage_raw` has unhashable result of type `<class 'pyarrow.lib.RecordBatchReader'>`. Set `CachingBehavior.IGNORE` or register a versioning function to silence warning. Learn more: https://hamilton.apache.org/concepts/caching/#caching-behavior

Node `build_docs_data_models_raw` has unhashable result of type `<class 'pyarrow.lib.RecordBatchReader'>`. Set `CachingBehavior.IGNORE` or register a versioning function to silence warning. Learn more: https://hamilton.apache.org/concepts/caching/#caching-behavior

Node `build_docs_data_models_normalized_raw` has unhashable result of type `<class 'pyarrow.lib.RecordBatchReader'>`. Set `CachingBehavior.IGNORE` or register a versioning function to silence warning. Learn more: https://hamilton.apache.org/concepts/caching/#caching-behavior

Node `build_docs_dfg_block_architecture_raw` has unhashable result of type `<class 'pyarrow.lib.RecordBatchReader'>`. Set `CachingBehavior.IGNORE` or register a versioning function to silence warning. Learn more: https://hamilton.apache.org/concepts/caching/#caching-behavior

Node `build_docs_entrypoints_raw` has unhashable result of type `<class 'pyarrow.lib.RecordBatchReader'>`. Set `CachingBehavior.IGNORE` or register a versioning function to silence warning. Learn more: https://hamilton.apache.org/concepts/caching/#caching-behavior

Node `build_docs_external_dependencies_raw` has unhashable result of type `<class 'pyarrow.lib.RecordBatchReader'>`. Set `CachingBehavior.IGNORE` or register a versioning function to silence warning. Learn more: https://hamilton.apache.org/concepts/caching/#caching-behavior

Node `build_docs_external_dependency_calls_raw` has unhashable result of type `<class 'pyarrow.lib.RecordBatchReader'>`. Set `CachingBehavior.IGNORE` or register a versioning function to silence warning. Learn more: https://hamilton.apache.org/concepts/caching/#caching-behavior

Failed to export traces to localhost:4317, error code: StatusCode.UNAVAILABLE
Transient error StatusCode.UNAVAILABLE encountered while exporting traces to localhost:4317, retrying in 0.87s.
Node `build_docs_function_architecture_raw` has unhashable result of type `<class 'pyarrow.lib.RecordBatchReader'>`. Set `CachingBehavior.IGNORE` or register a versioning function to silence warning. Learn more: https://hamilton.apache.org/concepts/caching/#caching-behavior

Node `build_docs_function_history_raw` has unhashable result of type `<class 'pyarrow.lib.RecordBatchReader'>`. Set `CachingBehavior.IGNORE` or register a versioning function to silence warning. Learn more: https://hamilton.apache.org/concepts/caching/#caching-behavior

Node `build_docs_function_history_timeseries_raw` has unhashable result of type `<class 'pyarrow.lib.RecordBatchReader'>`. Set `CachingBehavior.IGNORE` or register a versioning function to silence warning. Learn more: https://hamilton.apache.org/concepts/caching/#caching-behavior

Node `build_docs_ide_hints_raw` has unhashable result of type `<class 'pyarrow.lib.RecordBatchReader'>`. Set `CachingBehavior.IGNORE` or register a versioning function to silence warning. Learn more: https://hamilton.apache.org/concepts/caching/#caching-behavior

Node `build_docs_module_architecture_raw` has unhashable result of type `<class 'pyarrow.lib.RecordBatchReader'>`. Set `CachingBehavior.IGNORE` or register a versioning function to silence warning. Learn more: https://hamilton.apache.org/concepts/caching/#caching-behavior

Node `build_docs_module_architecture_full_raw` has unhashable result of type `<class 'pyarrow.lib.RecordBatchReader'>`. Set `CachingBehavior.IGNORE` or register a versioning function to silence warning. Learn more: https://hamilton.apache.org/concepts/caching/#caching-behavior

Node `build_docs_module_history_timeseries_raw` has unhashable result of type `<class 'pyarrow.lib.RecordBatchReader'>`. Set `CachingBehavior.IGNORE` or register a versioning function to silence warning. Learn more: https://hamilton.apache.org/concepts/caching/#caching-behavior

Node `build_docs_module_with_subsystem_raw` has unhashable result of type `<class 'pyarrow.lib.RecordBatchReader'>`. Set `CachingBehavior.IGNORE` or register a versioning function to silence warning. Learn more: https://hamilton.apache.org/concepts/caching/#caching-behavior

Node `build_docs_subsystem_agreement_raw` has unhashable result of type `<class 'pyarrow.lib.RecordBatchReader'>`. Set `CachingBehavior.IGNORE` or register a versioning function to silence warning. Learn more: https://hamilton.apache.org/concepts/caching/#caching-behavior

Node `build_docs_subsystem_profile_raw` has unhashable result of type `<class 'pyarrow.lib.RecordBatchReader'>`. Set `CachingBehavior.IGNORE` or register a versioning function to silence warning. Learn more: https://hamilton.apache.org/concepts/caching/#caching-behavior

Node `build_docs_subsystem_summary_raw` has unhashable result of type `<class 'pyarrow.lib.RecordBatchReader'>`. Set `CachingBehavior.IGNORE` or register a versioning function to silence warning. Learn more: https://hamilton.apache.org/concepts/caching/#caching-behavior

Node `build_docs_symbol_module_graph_raw` has unhashable result of type `<class 'pyarrow.lib.RecordBatchReader'>`. Set `CachingBehavior.IGNORE` or register a versioning function to silence warning. Learn more: https://hamilton.apache.org/concepts/caching/#caching-behavior

Node `build_docs_test_architecture_raw` has unhashable result of type `<class 'pyarrow.lib.RecordBatchReader'>`. Set `CachingBehavior.IGNORE` or register a versioning function to silence warning. Learn more: https://hamilton.apache.org/concepts/caching/#caching-behavior

-------------------------------------------------------------------
Oh no an error! Need help with Hamilton?
Join our slack and ask for help! https://join.slack.com/t/hamilton-opensource/shared_invite/zt-2niepkra8-DGKGf_tTYhXuJWBTXtIs4g
-------------------------------------------------------------------

Node `build_docs_test_to_function_raw` has unhashable result of type `<class 'pyarrow.lib.RecordBatchReader'>`. Set `CachingBehavior.IGNORE` or register a versioning function to silence warning. Learn more: https://hamilton.apache.org/concepts/caching/#caching-behavior

Node `build_docs_validation_summary_raw` has unhashable result of type `<class 'pyarrow.lib.RecordBatchReader'>`. Set `CachingBehavior.IGNORE` or register a versioning function to silence warning. Learn more: https://hamilton.apache.org/concepts/caching/#caching-behavior

Node `build_callgraph_degree_raw` has unhashable result of type `<class 'pyarrow.lib.RecordBatchReader'>`. Set `CachingBehavior.IGNORE` or register a versioning function to silence warning. Learn more: https://hamilton.apache.org/concepts/caching/#caching-behavior

Node `build_import_graph_degree_raw` has unhashable result of type `<class 'pyarrow.lib.RecordBatchReader'>`. Set `CachingBehavior.IGNORE` or register a versioning function to silence warning. Learn more: https://hamilton.apache.org/concepts/caching/#caching-behavior

-------------------------------------------------------------------
Oh no an error! Need help with Hamilton?
Join our slack and ask for help! https://join.slack.com/t/hamilton-opensource/shared_invite/zt-2niepkra8-DGKGf_tTYhXuJWBTXtIs4g
-------------------------------------------------------------------

-------------------------------------------------------------------
Oh no an error! Need help with Hamilton?
Join our slack and ask for help! https://join.slack.com/t/hamilton-opensource/shared_invite/zt-2niepkra8-DGKGf_tTYhXuJWBTXtIs4g
-------------------------------------------------------------------

-------------------------------------------------------------------
Oh no an error! Need help with Hamilton?
Join our slack and ask for help! https://join.slack.com/t/hamilton-opensource/shared_invite/zt-2niepkra8-DGKGf_tTYhXuJWBTXtIs4g
-------------------------------------------------------------------

-------------------------------------------------------------------
Oh no an error! Need help with Hamilton?
Join our slack and ask for help! https://join.slack.com/t/hamilton-opensource/shared_invite/zt-2niepkra8-DGKGf_tTYhXuJWBTXtIs4g
-------------------------------------------------------------------

graph.validation.warn {
  "errors": [],
  "summary": {
    "error_count": 0,
    "warning_count": 114
  },
  "warnings": [
    {
      "code": "missing_anchor_tag",
      "message": "Target anchor missing kind tag",
      "module": "codeintel.build.hamilton.native.ingestion.extraction_targets",
      "module_import": "codeintel.build.hamilton.native.ingestion.extraction_targets",
      "node": "t__ast",
      "origin": "core",
      "severity": "warning",
      "target": "ast"
    },
    {
      "code": "missing_anchor_tag",
      "message": "Target anchor missing kind tag",
      "module": "codeintel.build.hamilton.native.ingestion.extraction_targets",
      "module_import": "codeintel.build.hamilton.native.ingestion.extraction_targets",
      "node": "t__bytecode",
      "origin": "core",
      "severity": "warning",
      "target": "bytecode"
    },
    {
      "code": "missing_anchor_tag",
      "message": "Target anchor missing kind tag",
      "module": "codeintel.build.hamilton.native.graphs.graph_targets",
      "module_import": "codeintel.build.hamilton.native.graphs.graph_targets",
      "node": "t__call_graph",
      "origin": "core",
      "severity": "warning",
      "target": "call_graph"
    },
    {
      "code": "missing_anchor_tag",
      "message": "Target anchor missing kind tag",
      "module": "codeintel.build.hamilton.native.graphs.graph_targets",
      "module_import": "codeintel.build.hamilton.native.graphs.graph_targets",
      "node": "t__call_wiring",
      "origin": "core",
      "severity": "warning",
      "target": "call_wiring"
    },
    {
      "code": "missing_anchor_tag",
      "message": "Target anchor missing kind tag",
      "module": "codeintel.build.hamilton.native.graphs.graph_targets",
      "module_import": "codeintel.build.hamilton.native.graphs.graph_targets",
      "node": "t__cdg",
      "origin": "core",
      "severity": "warning",
      "target": "cdg"
    },
    {
      "code": "missing_anchor_tag",
      "message": "Target anchor missing kind tag",
      "module": "codeintel.build.hamilton.native.graphs.graph_targets",
      "module_import": "codeintel.build.hamilton.native.graphs.graph_targets",
      "node": "t__cfg",
      "origin": "core",
      "severity": "warning",
      "target": "cfg"
    },
    {
      "code": "missing_anchor_tag",
      "message": "Target anchor missing kind tag",
      "module": "codeintel.build.hamilton.native.analytics.cfg_dfg_metrics",
      "module_import": "codeintel.build.hamilton.native.analytics.cfg_dfg_metrics",
      "node": "t__cfg_dfg_metrics",
      "origin": "core",
      "severity": "warning",
      "target": "cfg_dfg_metrics"
    },
    {
      "code": "missing_anchor_tag",
      "message": "Target anchor missing kind tag",
      "module": "codeintel.build.hamilton.native.planning.plan_targets",
      "module_import": "codeintel.build.hamilton.native.planning.plan_targets",
      "node": "t__ci_plan",
      "origin": "core",
      "severity": "warning",
      "target": "ci_plan"
    },
    {
      "code": "missing_anchor_tag",
      "message": "Target anchor missing kind tag",
      "module": "codeintel.build.hamilton.native.analytics.config_graphs",
      "module_import": "codeintel.build.hamilton.native.analytics.config_graphs",
      "node": "t__config_data_flow",
      "origin": "core",
      "severity": "warning",
      "target": "config_data_flow"
    },
    {
      "code": "missing_anchor_tag",
      "message": "Target anchor missing kind tag",
      "module": "codeintel.build.hamilton.native.analytics.config_graphs",
      "module_import": "codeintel.build.hamilton.native.analytics.config_graphs",
      "node": "t__config_graph_metrics",
      "origin": "core",
      "severity": "warning",
      "target": "config_graph_metrics"
    },
    {
      "code": "missing_anchor_tag",
      "message": "Target anchor missing kind tag",
      "module": "codeintel.build.hamilton.native.ingestion.ingest_targets",
      "module_import": "codeintel.build.hamilton.native.ingestion.ingest_targets",
      "node": "t__config_ingest",
      "origin": "core",
      "severity": "warning",
      "target": "config_ingest"
    },
    {
      "code": "missing_anchor_tag",
      "message": "Target anchor missing kind tag",
      "module": "codeintel.build.hamilton.native.graphs.graph_targets",
      "module_import": "codeintel.build.hamilton.native.graphs.graph_targets",
      "node": "t__cpg",
      "origin": "core",
      "severity": "warning",
      "target": "cpg"
    },
    {
      "code": "missing_anchor_tag",
      "message": "Target anchor missing kind tag",
      "module": "codeintel.build.hamilton.native.ingestion.extraction_targets",
      "module_import": "codeintel.build.hamilton.native.ingestion.extraction_targets",
      "node": "t__cst",
      "origin": "core",
      "severity": "warning",
      "target": "cst"
    },
    {
      "code": "missing_anchor_tag",
      "message": "Target anchor missing kind tag",
      "module": "codeintel.build.hamilton.native.analytics.data_models",
      "module_import": "codeintel.build.hamilton.native.analytics.data_models",
      "node": "t__data_model_usage",
      "origin": "core",
      "severity": "warning",
      "target": "data_model_usage"
    },
    {
      "code": "missing_anchor_tag",
      "message": "Target anchor missing kind tag",
      "module": "codeintel.build.hamilton.native.analytics.data_models",
      "module_import": "codeintel.build.hamilton.native.analytics.data_models",
      "node": "t__data_models",
      "origin": "core",
      "severity": "warning",
      "target": "data_models"
    },
    {
      "code": "missing_anchor_tag",
      "message": "Target anchor missing kind tag",
      "module": "codeintel.build.hamilton.native.export.decision_trace",
      "module_import": "codeintel.build.hamilton.native.export.decision_trace",
      "node": "t__decision_trace",
      "origin": "core",
      "severity": "warning",
      "target": "decision_trace"
    },
    {
      "code": "missing_anchor_tag",
      "message": "Target anchor missing kind tag",
      "module": "codeintel.build.hamilton.native.graphs.graph_targets",
      "module_import": "codeintel.build.hamilton.native.graphs.graph_targets",
      "node": "t__dfg",
      "origin": "core",
      "severity": "warning",
      "target": "dfg"
    },
    {
      "code": "missing_anchor_tag",
      "message": "Target anchor missing kind tag",
      "module": "codeintel.build.hamilton.native.ingestion.extraction_targets",
      "module_import": "codeintel.build.hamilton.native.ingestion.extraction_targets",
      "node": "t__docstrings",
      "origin": "core",
      "severity": "warning",
      "target": "docstrings"
    },
    {
      "code": "missing_anchor_tag",
      "message": "Target anchor missing kind tag",
      "module": "codeintel.build.hamilton.native.analytics.entrypoints",
      "module_import": "codeintel.build.hamilton.native.analytics.entrypoints",
      "node": "t__entrypoints",
      "origin": "core",
      "severity": "warning",
      "target": "entrypoints"
    },
    {
      "code": "missing_anchor_tag",
      "message": "Target anchor missing kind tag",
      "module": "codeintel.build.hamilton.native.export.export_targets",
      "module_import": "codeintel.build.hamilton.native.export.export_targets",
      "node": "t__export_jsonl",
      "origin": "core",
      "severity": "warning",
      "target": "export_jsonl"
    },
    {
      "code": "missing_anchor_tag",
      "message": "Target anchor missing kind tag",
      "module": "codeintel.build.hamilton.native.export.export_targets",
      "module_import": "codeintel.build.hamilton.native.export.export_targets",
      "node": "t__export_parquet",
      "origin": "core",
      "severity": "warning",
      "target": "export_parquet"
    },
    {
      "code": "missing_anchor_tag",
      "message": "Target anchor missing kind tag",
      "module": "codeintel.build.hamilton.native.analytics.tables_dependencies",
      "module_import": "codeintel.build.hamilton.native.analytics.tables_dependencies",
      "node": "t__external_deps",
      "origin": "core",
      "severity": "warning",
      "target": "external_deps"
    },
    {
      "code": "missing_anchor_tag",
      "message": "Target anchor missing kind tag",
      "module": "codeintel.build.hamilton.native.ingestion.file_line_index",
      "module_import": "codeintel.build.hamilton.native.ingestion.file_line_index",
      "node": "t__file_line_index",
      "origin": "core",
      "severity": "warning",
      "target": "file_line_index"
    },
    {
      "code": "missing_anchor_tag",
      "message": "Target anchor missing kind tag",
      "module": "codeintel.build.hamilton.native.analytics.function_ast_features",
      "module_import": "codeintel.build.hamilton.native.analytics.function_ast_features",
      "node": "t__function_ast_features",
      "origin": "core",
      "severity": "warning",
      "target": "function_ast_features"
    },
    {
      "code": "missing_anchor_tag",
      "message": "Target anchor missing kind tag",
      "module": "codeintel.build.hamilton.native.analytics.function_contracts",
      "module_import": "codeintel.build.hamilton.native.analytics.function_contracts",
      "node": "t__function_contracts",
      "origin": "core",
      "severity": "warning",
      "target": "function_contracts"
    },
    {
      "code": "missing_anchor_tag",
      "message": "Target anchor missing kind tag",
      "module": "codeintel.build.hamilton.native.analytics.function_effects",
      "module_import": "codeintel.build.hamilton.native.analytics.function_effects",
      "node": "t__function_effects",
      "origin": "core",
      "severity": "warning",
      "target": "function_effects"
    },
    {
      "code": "missing_anchor_tag",
      "message": "Target anchor missing kind tag",
      "module": "codeintel.build.hamilton.native.analytics.function_types",
      "module_import": "codeintel.build.hamilton.native.analytics.function_types",
      "node": "t__function_types",
      "origin": "core",
      "severity": "warning",
      "target": "function_types"
    },
    {
      "code": "missing_anchor_tag",
      "message": "Target anchor missing kind tag",
      "module": "codeintel.build.hamilton.native.analytics.function_validation",
      "module_import": "codeintel.build.hamilton.native.analytics.function_validation",
      "node": "t__function_validation",
      "origin": "core",
      "severity": "warning",
      "target": "function_validation"
    },
    {
      "code": "missing_anchor_tag",
      "message": "Target anchor missing kind tag",
      "module": "codeintel.build.hamilton.native.graphs.goids",
      "module_import": "codeintel.build.hamilton.native.graphs.goids",
      "node": "t__goids",
      "origin": "core",
      "severity": "warning",
      "target": "goids"
    },
    {
      "code": "missing_anchor_tag",
      "message": "Target anchor missing kind tag",
      "module": "codeintel.build.hamilton.native.analytics.graph_metrics",
      "module_import": "codeintel.build.hamilton.native.analytics.graph_metrics",
      "node": "t__graph_metrics",
      "origin": "core",
      "severity": "warning",
      "target": "graph_metrics"
    },
    {
      "code": "missing_anchor_tag",
      "message": "Target anchor missing kind tag",
      "module": "codeintel.build.hamilton.native.analytics.graph_metrics",
      "module_import": "codeintel.build.hamilton.native.analytics.graph_metrics",
      "node": "t__graph_metrics_ext",
      "origin": "core",
      "severity": "warning",
      "target": "graph_metrics_ext"
    },
    {
      "code": "missing_anchor_tag",
      "message": "Target anchor missing kind tag",
      "module": "codeintel.build.hamilton.native.analytics.graph_metrics",
      "module_import": "codeintel.build.hamilton.native.analytics.graph_metrics",
      "node": "t__graph_stats",
      "origin": "core",
      "severity": "warning",
      "target": "graph_stats"
    },
    {
      "code": "missing_anchor_tag",
      "message": "Target anchor missing kind tag",
      "module": "codeintel.build.hamilton.native.analytics.graph_validation",
      "module_import": "codeintel.build.hamilton.native.analytics.graph_validation",
      "node": "t__graph_validation",
      "origin": "core",
      "severity": "warning",
      "target": "graph_validation"
    },
    {
      "code": "missing_anchor_tag",
      "message": "Target anchor missing kind tag",
      "module": "codeintel.build.hamilton.native.graphs.graph_targets",
      "module_import": "codeintel.build.hamilton.native.graphs.graph_targets",
      "node": "t__import_graph",
      "origin": "core",
      "severity": "warning",
      "target": "import_graph"
    },
    {
      "code": "missing_anchor_tag",
      "message": "Target anchor missing kind tag",
      "module": "codeintel.build.hamilton.native.ingestion.extraction_targets",
      "module_import": "codeintel.build.hamilton.native.ingestion.extraction_targets",
      "node": "t__inspect",
      "origin": "core",
      "severity": "warning",
      "target": "inspect"
    },
    {
      "code": "missing_anchor_tag",
      "message": "Target anchor missing kind tag",
      "module": "codeintel.build.hamilton.native.ingestion.ingest_targets",
      "module_import": "codeintel.build.hamilton.native.ingestion.ingest_targets",
      "node": "t__modules",
      "origin": "core",
      "severity": "warning",
      "target": "modules"
    },
    {
      "code": "missing_anchor_tag",
      "message": "Target anchor missing kind tag",
      "module": "codeintel.build.hamilton.native.graphs.graph_targets",
      "module_import": "codeintel.build.hamilton.native.graphs.graph_targets",
      "node": "t__pdg",
      "origin": "core",
      "severity": "warning",
      "target": "pdg"
    },
    {
      "code": "missing_anchor_tag",
      "message": "Target anchor missing kind tag",
      "module": "codeintel.build.hamilton.native.analytics.py_cpg_quality_report",
      "module_import": "codeintel.build.hamilton.native.analytics.py_cpg_quality_report",
      "node": "t__py_cpg_quality_report",
      "origin": "core",
      "severity": "warning",
      "target": "py_cpg_quality_report"
    },
    {
      "code": "missing_anchor_tag",
      "message": "Target anchor missing kind tag",
      "module": "codeintel.build.hamilton.native.ingestion.scip",
      "module_import": "codeintel.build.hamilton.native.ingestion.scip",
      "node": "t__scip",
      "origin": "core",
      "severity": "warning",
      "target": "scip"
    },
    {
      "code": "missing_anchor_tag",
      "message": "Target anchor missing kind tag",
      "module": "codeintel.build.hamilton.native.ingestion.scip_proto",
      "module_import": "codeintel.build.hamilton.native.ingestion.scip_proto",
      "node": "t__scip_proto",
      "origin": "core",
      "severity": "warning",
      "target": "scip_proto"
    },
    {
      "code": "missing_anchor_tag",
      "message": "Target anchor missing kind tag",
      "module": "codeintel.build.hamilton.native.ingestion.scip_resolution",
      "module_import": "codeintel.build.hamilton.native.ingestion.scip_resolution",
      "node": "t__scip_resolution",
      "origin": "core",
      "severity": "warning",
      "target": "scip_resolution"
    },
    {
      "code": "missing_anchor_tag",
      "message": "Target anchor missing kind tag",
      "module": "codeintel.build.hamilton.native.analytics.semantic_roles",
      "module_import": "codeintel.build.hamilton.native.analytics.semantic_roles",
      "node": "t__semantic_roles",
      "origin": "core",
      "severity": "warning",
      "target": "semantic_roles"
    },
    {
      "code": "missing_anchor_tag",
      "message": "Target anchor missing kind tag",
      "module": "codeintel.build.hamilton.native.export.serving_artifacts",
      "module_import": "codeintel.build.hamilton.native.export.serving_artifacts",
      "node": "t__serving_artifacts",
      "origin": "core",
      "severity": "warning",
      "target": "serving_artifacts"
    },
    {
      "code": "missing_anchor_tag",
      "message": "Target anchor missing kind tag",
      "module": "codeintel.build.hamilton.native.analytics.subsystem_agreement",
      "module_import": "codeintel.build.hamilton.native.analytics.subsystem_agreement",
      "node": "t__subsystem_agreement",
      "origin": "core",
      "severity": "warning",
      "target": "subsystem_agreement"
    },
    {
      "code": "missing_anchor_tag",
      "message": "Target anchor missing kind tag",
      "module": "codeintel.build.hamilton.native.analytics.subsystem_cache",
      "module_import": "codeintel.build.hamilton.native.analytics.subsystem_cache",
      "node": "t__subsystem_caches",
      "origin": "core",
      "severity": "warning",
      "target": "subsystem_caches"
    },
    {
      "code": "missing_anchor_tag",
      "message": "Target anchor missing kind tag",
      "module": "codeintel.build.hamilton.native.analytics.subsystem_metrics",
      "module_import": "codeintel.build.hamilton.native.analytics.subsystem_metrics",
      "node": "t__subsystem_graph_metrics",
      "origin": "core",
      "severity": "warning",
      "target": "subsystem_graph_metrics"
    },
    {
      "code": "missing_anchor_tag",
      "message": "Target anchor missing kind tag",
      "module": "codeintel.build.hamilton.native.analytics.subsystems",
      "module_import": "codeintel.build.hamilton.native.analytics.subsystems",
      "node": "t__subsystems",
      "origin": "core",
      "severity": "warning",
      "target": "subsystems"
    },
    {
      "code": "missing_anchor_tag",
      "message": "Target anchor missing kind tag",
      "module": "codeintel.build.hamilton.native.analytics.graph_metrics",
      "module_import": "codeintel.build.hamilton.native.analytics.graph_metrics",
      "node": "t__symbol_graph_metrics",
      "origin": "core",
      "severity": "warning",
      "target": "symbol_graph_metrics"
    },
    {
      "code": "missing_anchor_tag",
      "message": "Target anchor missing kind tag",
      "module": "codeintel.build.hamilton.native.graphs.symbol_use",
      "module_import": "codeintel.build.hamilton.native.graphs.symbol_use",
      "node": "t__symbol_uses",
      "origin": "core",
      "severity": "warning",
      "target": "symbol_uses"
    },
    {
      "code": "missing_anchor_tag",
      "message": "Target anchor missing kind tag",
      "module": "codeintel.build.hamilton.native.ingestion.extraction_targets",
      "module_import": "codeintel.build.hamilton.native.ingestion.extraction_targets",
      "node": "t__symtable",
      "origin": "core",
      "severity": "warning",
      "target": "symtable"
    },
    {
      "code": "missing_anchor_tag",
      "message": "Target anchor missing kind tag",
      "module": "codeintel.build.hamilton.native.ingestion.syntax_augment",
      "module_import": "codeintel.build.hamilton.native.ingestion.syntax_augment",
      "node": "t__syntax_augment",
      "origin": "core",
      "severity": "warning",
      "target": "syntax_augment"
    },
    {
      "code": "missing_anchor_tag",
      "message": "Target anchor missing kind tag",
      "module": "codeintel.build.hamilton.native.ingestion.syntax_enrich",
      "module_import": "codeintel.build.hamilton.native.ingestion.syntax_enrich",
      "node": "t__syntax_enrich",
      "origin": "core",
      "severity": "warning",
      "target": "syntax_enrich"
    },
    {
      "code": "missing_anchor_tag",
      "message": "Target anchor missing kind tag",
      "module": "codeintel.build.hamilton.native.ingestion.extraction_targets",
      "module_import": "codeintel.build.hamilton.native.ingestion.extraction_targets",
      "node": "t__syntax_index",
      "origin": "core",
      "severity": "warning",
      "target": "syntax_index"
    },
    {
      "code": "missing_anchor_tag",
      "message": "Target anchor missing kind tag",
      "module": "codeintel.build.hamilton.native.ingestion.ingest_targets",
      "module_import": "codeintel.build.hamilton.native.ingestion.ingest_targets",
      "node": "t__tests_ingest",
      "origin": "core",
      "severity": "warning",
      "target": "tests_ingest"
    },
    {
      "code": "missing_anchor_tag",
      "message": "Target anchor missing kind tag",
      "module": "codeintel.build.hamilton.native.ingestion.tree_sitter",
      "module_import": "codeintel.build.hamilton.native.ingestion.tree_sitter",
      "node": "t__tree_sitter_index",
      "origin": "core",
      "severity": "warning",
      "target": "tree_sitter_index"
    },
    {
      "code": "missing_anchor_tag",
      "message": "Target anchor missing kind tag",
      "module": "codeintel.build.hamilton.native.ingestion.ingest_targets",
      "module_import": "codeintel.build.hamilton.native.ingestion.ingest_targets",
      "node": "t__typing",
      "origin": "core",
      "severity": "warning",
      "target": "typing"
    },
    {
      "code": "missing_anchor_tag",
      "message": "Target anchor missing kind tag",
      "module": "codeintel.build.hamilton.native.views.view_outputs",
      "module_import": "codeintel.build.hamilton.native.views.view_outputs",
      "node": "t__views",
      "origin": "core",
      "severity": "warning",
      "target": "views"
    },
    {
      "code": "missing_anchor_tag",
      "message": "Target anchor missing schema_ref tag",
      "module": "codeintel.build.hamilton.native.ingestion.extraction_targets",
      "module_import": "codeintel.build.hamilton.native.ingestion.extraction_targets",
      "node": "t__ast",
      "origin": "core",
      "severity": "warning",
      "target": "ast"
    },
    {
      "code": "missing_anchor_tag",
      "message": "Target anchor missing schema_ref tag",
      "module": "codeintel.build.hamilton.native.ingestion.extraction_targets",
      "module_import": "codeintel.build.hamilton.native.ingestion.extraction_targets",
      "node": "t__bytecode",
      "origin": "core",
      "severity": "warning",
      "target": "bytecode"
    },
    {
      "code": "missing_anchor_tag",
      "message": "Target anchor missing schema_ref tag",
      "module": "codeintel.build.hamilton.native.graphs.graph_targets",
      "module_import": "codeintel.build.hamilton.native.graphs.graph_targets",
      "node": "t__call_graph",
      "origin": "core",
      "severity": "warning",
      "target": "call_graph"
    },
    {
      "code": "missing_anchor_tag",
      "message": "Target anchor missing schema_ref tag",
      "module": "codeintel.build.hamilton.native.graphs.graph_targets",
      "module_import": "codeintel.build.hamilton.native.graphs.graph_targets",
      "node": "t__call_wiring",
      "origin": "core",
      "severity": "warning",
      "target": "call_wiring"
    },
    {
      "code": "missing_anchor_tag",
      "message": "Target anchor missing schema_ref tag",
      "module": "codeintel.build.hamilton.native.graphs.graph_targets",
      "module_import": "codeintel.build.hamilton.native.graphs.graph_targets",
      "node": "t__cdg",
      "origin": "core",
      "severity": "warning",
      "target": "cdg"
    },
    {
      "code": "missing_anchor_tag",
      "message": "Target anchor missing schema_ref tag",
      "module": "codeintel.build.hamilton.native.graphs.graph_targets",
      "module_import": "codeintel.build.hamilton.native.graphs.graph_targets",
      "node": "t__cfg",
      "origin": "core",
      "severity": "warning",
      "target": "cfg"
    },
    {
      "code": "missing_anchor_tag",
      "message": "Target anchor missing schema_ref tag",
      "module": "codeintel.build.hamilton.native.analytics.cfg_dfg_metrics",
      "module_import": "codeintel.build.hamilton.native.analytics.cfg_dfg_metrics",
      "node": "t__cfg_dfg_metrics",
      "origin": "core",
      "severity": "warning",
      "target": "cfg_dfg_metrics"
    },
    {
      "code": "missing_anchor_tag",
      "message": "Target anchor missing schema_ref tag",
      "module": "codeintel.build.hamilton.native.planning.plan_targets",
      "module_import": "codeintel.build.hamilton.native.planning.plan_targets",
      "node": "t__ci_plan",
      "origin": "core",
      "severity": "warning",
      "target": "ci_plan"
    },
    {
      "code": "missing_anchor_tag",
      "message": "Target anchor missing schema_ref tag",
      "module": "codeintel.build.hamilton.native.analytics.config_graphs",
      "module_import": "codeintel.build.hamilton.native.analytics.config_graphs",
      "node": "t__config_data_flow",
      "origin": "core",
      "severity": "warning",
      "target": "config_data_flow"
    },
    {
      "code": "missing_anchor_tag",
      "message": "Target anchor missing schema_ref tag",
      "module": "codeintel.build.hamilton.native.analytics.config_graphs",
      "module_import": "codeintel.build.hamilton.native.analytics.config_graphs",
      "node": "t__config_graph_metrics",
      "origin": "core",
      "severity": "warning",
      "target": "config_graph_metrics"
    },
    {
      "code": "missing_anchor_tag",
      "message": "Target anchor missing schema_ref tag",
      "module": "codeintel.build.hamilton.native.ingestion.ingest_targets",
      "module_import": "codeintel.build.hamilton.native.ingestion.ingest_targets",
      "node": "t__config_ingest",
      "origin": "core",
      "severity": "warning",
      "target": "config_ingest"
    },
    {
      "code": "missing_anchor_tag",
      "message": "Target anchor missing schema_ref tag",
      "module": "codeintel.build.hamilton.native.graphs.graph_targets",
      "module_import": "codeintel.build.hamilton.native.graphs.graph_targets",
      "node": "t__cpg",
      "origin": "core",
      "severity": "warning",
      "target": "cpg"
    },
    {
      "code": "missing_anchor_tag",
      "message": "Target anchor missing schema_ref tag",
      "module": "codeintel.build.hamilton.native.ingestion.extraction_targets",
      "module_import": "codeintel.build.hamilton.native.ingestion.extraction_targets",
      "node": "t__cst",
      "origin": "core",
      "severity": "warning",
      "target": "cst"
    },
    {
      "code": "missing_anchor_tag",
      "message": "Target anchor missing schema_ref tag",
      "module": "codeintel.build.hamilton.native.analytics.data_models",
      "module_import": "codeintel.build.hamilton.native.analytics.data_models",
      "node": "t__data_model_usage",
      "origin": "core",
      "severity": "warning",
      "target": "data_model_usage"
    },
    {
      "code": "missing_anchor_tag",
      "message": "Target anchor missing schema_ref tag",
      "module": "codeintel.build.hamilton.native.analytics.data_models",
      "module_import": "codeintel.build.hamilton.native.analytics.data_models",
      "node": "t__data_models",
      "origin": "core",
      "severity": "warning",
      "target": "data_models"
    },
    {
      "code": "missing_anchor_tag",
      "message": "Target anchor missing schema_ref tag",
      "module": "codeintel.build.hamilton.native.export.decision_trace",
      "module_import": "codeintel.build.hamilton.native.export.decision_trace",
      "node": "t__decision_trace",
      "origin": "core",
      "severity": "warning",
      "target": "decision_trace"
    },
    {
      "code": "missing_anchor_tag",
      "message": "Target anchor missing schema_ref tag",
      "module": "codeintel.build.hamilton.native.graphs.graph_targets",
      "module_import": "codeintel.build.hamilton.native.graphs.graph_targets",
      "node": "t__dfg",
      "origin": "core",
      "severity": "warning",
      "target": "dfg"
    },
    {
      "code": "missing_anchor_tag",
      "message": "Target anchor missing schema_ref tag",
      "module": "codeintel.build.hamilton.native.ingestion.extraction_targets",
      "module_import": "codeintel.build.hamilton.native.ingestion.extraction_targets",
      "node": "t__docstrings",
      "origin": "core",
      "severity": "warning",
      "target": "docstrings"
    },
    {
      "code": "missing_anchor_tag",
      "message": "Target anchor missing schema_ref tag",
      "module": "codeintel.build.hamilton.native.analytics.entrypoints",
      "module_import": "codeintel.build.hamilton.native.analytics.entrypoints",
      "node": "t__entrypoints",
      "origin": "core",
      "severity": "warning",
      "target": "entrypoints"
    },
    {
      "code": "missing_anchor_tag",
      "message": "Target anchor missing schema_ref tag",
      "module": "codeintel.build.hamilton.native.export.export_targets",
      "module_import": "codeintel.build.hamilton.native.export.export_targets",
      "node": "t__export_jsonl",
      "origin": "core",
      "severity": "warning",
      "target": "export_jsonl"
    },
    {
      "code": "missing_anchor_tag",
      "message": "Target anchor missing schema_ref tag",
      "module": "codeintel.build.hamilton.native.export.export_targets",
      "module_import": "codeintel.build.hamilton.native.export.export_targets",
      "node": "t__export_parquet",
      "origin": "core",
      "severity": "warning",
      "target": "export_parquet"
    },
    {
      "code": "missing_anchor_tag",
      "message": "Target anchor missing schema_ref tag",
      "module": "codeintel.build.hamilton.native.analytics.tables_dependencies",
      "module_import": "codeintel.build.hamilton.native.analytics.tables_dependencies",
      "node": "t__external_deps",
      "origin": "core",
      "severity": "warning",
      "target": "external_deps"
    },
    {
      "code": "missing_anchor_tag",
      "message": "Target anchor missing schema_ref tag",
      "module": "codeintel.build.hamilton.native.ingestion.file_line_index",
      "module_import": "codeintel.build.hamilton.native.ingestion.file_line_index",
      "node": "t__file_line_index",
      "origin": "core",
      "severity": "warning",
      "target": "file_line_index"
    },
    {
      "code": "missing_anchor_tag",
      "message": "Target anchor missing schema_ref tag",
      "module": "codeintel.build.hamilton.native.analytics.function_ast_features",
      "module_import": "codeintel.build.hamilton.native.analytics.function_ast_features",
      "node": "t__function_ast_features",
      "origin": "core",
      "severity": "warning",
      "target": "function_ast_features"
    },
    {
      "code": "missing_anchor_tag",
      "message": "Target anchor missing schema_ref tag",
      "module": "codeintel.build.hamilton.native.analytics.function_contracts",
      "module_import": "codeintel.build.hamilton.native.analytics.function_contracts",
      "node": "t__function_contracts",
      "origin": "core",
      "severity": "warning",
      "target": "function_contracts"
    },
    {
      "code": "missing_anchor_tag",
      "message": "Target anchor missing schema_ref tag",
      "module": "codeintel.build.hamilton.native.analytics.function_effects",
      "module_import": "codeintel.build.hamilton.native.analytics.function_effects",
      "node": "t__function_effects",
      "origin": "core",
      "severity": "warning",
      "target": "function_effects"
    },
    {
      "code": "missing_anchor_tag",
      "message": "Target anchor missing schema_ref tag",
      "module": "codeintel.build.hamilton.native.analytics.function_types",
      "module_import": "codeintel.build.hamilton.native.analytics.function_types",
      "node": "t__function_types",
      "origin": "core",
      "severity": "warning",
      "target": "function_types"
    },
    {
      "code": "missing_anchor_tag",
      "message": "Target anchor missing schema_ref tag",
      "module": "codeintel.build.hamilton.native.analytics.function_validation",
      "module_import": "codeintel.build.hamilton.native.analytics.function_validation",
      "node": "t__function_validation",
      "origin": "core",
      "severity": "warning",
      "target": "function_validation"
    },
    {
      "code": "missing_anchor_tag",
      "message": "Target anchor missing schema_ref tag",
      "module": "codeintel.build.hamilton.native.graphs.goids",
      "module_import": "codeintel.build.hamilton.native.graphs.goids",
      "node": "t__goids",
      "origin": "core",
      "severity": "warning",
      "target": "goids"
    },
    {
      "code": "missing_anchor_tag",
      "message": "Target anchor missing schema_ref tag",
      "module": "codeintel.build.hamilton.native.analytics.graph_metrics",
      "module_import": "codeintel.build.hamilton.native.analytics.graph_metrics",
      "node": "t__graph_metrics",
      "origin": "core",
      "severity": "warning",
      "target": "graph_metrics"
    },
    {
      "code": "missing_anchor_tag",
      "message": "Target anchor missing schema_ref tag",
      "module": "codeintel.build.hamilton.native.analytics.graph_metrics",
      "module_import": "codeintel.build.hamilton.native.analytics.graph_metrics",
      "node": "t__graph_metrics_ext",
      "origin": "core",
      "severity": "warning",
      "target": "graph_metrics_ext"
    },
    {
      "code": "missing_anchor_tag",
      "message": "Target anchor missing schema_ref tag",
      "module": "codeintel.build.hamilton.native.analytics.graph_metrics",
      "module_import": "codeintel.build.hamilton.native.analytics.graph_metrics",
      "node": "t__graph_stats",
      "origin": "core",
      "severity": "warning",
      "target": "graph_stats"
    },
    {
      "code": "missing_anchor_tag",
      "message": "Target anchor missing schema_ref tag",
      "module": "codeintel.build.hamilton.native.analytics.graph_validation",
      "module_import": "codeintel.build.hamilton.native.analytics.graph_validation",
      "node": "t__graph_validation",
      "origin": "core",
      "severity": "warning",
      "target": "graph_validation"
    },
    {
      "code": "missing_anchor_tag",
      "message": "Target anchor missing schema_ref tag",
      "module": "codeintel.build.hamilton.native.graphs.graph_targets",
      "module_import": "codeintel.build.hamilton.native.graphs.graph_targets",
      "node": "t__import_graph",
      "origin": "core",
      "severity": "warning",
      "target": "import_graph"
    },
    {
      "code": "missing_anchor_tag",
      "message": "Target anchor missing schema_ref tag",
      "module": "codeintel.build.hamilton.native.ingestion.extraction_targets",
      "module_import": "codeintel.build.hamilton.native.ingestion.extraction_targets",
      "node": "t__inspect",
      "origin": "core",
      "severity": "warning",
      "target": "inspect"
    },
    {
      "code": "missing_anchor_tag",
      "message": "Target anchor missing schema_ref tag",
      "module": "codeintel.build.hamilton.native.ingestion.ingest_targets",
      "module_import": "codeintel.build.hamilton.native.ingestion.ingest_targets",
      "node": "t__modules",
      "origin": "core",
      "severity": "warning",
      "target": "modules"
    },
    {
      "code": "missing_anchor_tag",
      "message": "Target anchor missing schema_ref tag",
      "module": "codeintel.build.hamilton.native.graphs.graph_targets",
      "module_import": "codeintel.build.hamilton.native.graphs.graph_targets",
      "node": "t__pdg",
      "origin": "core",
      "severity": "warning",
      "target": "pdg"
    },
    {
      "code": "missing_anchor_tag",
      "message": "Target anchor missing schema_ref tag",
      "module": "codeintel.build.hamilton.native.analytics.py_cpg_quality_report",
      "module_import": "codeintel.build.hamilton.native.analytics.py_cpg_quality_report",
      "node": "t__py_cpg_quality_report",
      "origin": "core",
      "severity": "warning",
      "target": "py_cpg_quality_report"
    },
    {
      "code": "missing_anchor_tag",
      "message": "Target anchor missing schema_ref tag",
      "module": "codeintel.build.hamilton.native.ingestion.scip",
      "module_import": "codeintel.build.hamilton.native.ingestion.scip",
      "node": "t__scip",
      "origin": "core",
      "severity": "warning",
      "target": "scip"
    },
    {
      "code": "missing_anchor_tag",
      "message": "Target anchor missing schema_ref tag",
      "module": "codeintel.build.hamilton.native.ingestion.scip_proto",
      "module_import": "codeintel.build.hamilton.native.ingestion.scip_proto",
      "node": "t__scip_proto",
      "origin": "core",
      "severity": "warning",
      "target": "scip_proto"
    },
    {
      "code": "missing_anchor_tag",
      "message": "Target anchor missing schema_ref tag",
      "module": "codeintel.build.hamilton.native.ingestion.scip_resolution",
      "module_import": "codeintel.build.hamilton.native.ingestion.scip_resolution",
      "node": "t__scip_resolution",
      "origin": "core",
      "severity": "warning",
      "target": "scip_resolution"
    },
    {
      "code": "missing_anchor_tag",
      "message": "Target anchor missing schema_ref tag",
      "module": "codeintel.build.hamilton.native.analytics.semantic_roles",
      "module_import": "codeintel.build.hamilton.native.analytics.semantic_roles",
      "node": "t__semantic_roles",
      "origin": "core",
      "severity": "warning",
      "target": "semantic_roles"
    },
    {
      "code": "missing_anchor_tag",
      "message": "Target anchor missing schema_ref tag",
      "module": "codeintel.build.hamilton.native.export.serving_artifacts",
      "module_import": "codeintel.build.hamilton.native.export.serving_artifacts",
      "node": "t__serving_artifacts",
      "origin": "core",
      "severity": "warning",
      "target": "serving_artifacts"
    },
    {
      "code": "missing_anchor_tag",
      "message": "Target anchor missing schema_ref tag",
      "module": "codeintel.build.hamilton.native.analytics.subsystem_agreement",
      "module_import": "codeintel.build.hamilton.native.analytics.subsystem_agreement",
      "node": "t__subsystem_agreement",
      "origin": "core",
      "severity": "warning",
      "target": "subsystem_agreement"
    },
    {
      "code": "missing_anchor_tag",
      "message": "Target anchor missing schema_ref tag",
      "module": "codeintel.build.hamilton.native.analytics.subsystem_cache",
      "module_import": "codeintel.build.hamilton.native.analytics.subsystem_cache",
      "node": "t__subsystem_caches",
      "origin": "core",
      "severity": "warning",
      "target": "subsystem_caches"
    },
    {
      "code": "missing_anchor_tag",
      "message": "Target anchor missing schema_ref tag",
      "module": "codeintel.build.hamilton.native.analytics.subsystem_metrics",
      "module_import": "codeintel.build.hamilton.native.analytics.subsystem_metrics",
      "node": "t__subsystem_graph_metrics",
      "origin": "core",
      "severity": "warning",
      "target": "subsystem_graph_metrics"
    },
    {
      "code": "missing_anchor_tag",
      "message": "Target anchor missing schema_ref tag",
      "module": "codeintel.build.hamilton.native.analytics.subsystems",
      "module_import": "codeintel.build.hamilton.native.analytics.subsystems",
      "node": "t__subsystems",
      "origin": "core",
      "severity": "warning",
      "target": "subsystems"
    },
    {
      "code": "missing_anchor_tag",
      "message": "Target anchor missing schema_ref tag",
      "module": "codeintel.build.hamilton.native.analytics.graph_metrics",
      "module_import": "codeintel.build.hamilton.native.analytics.graph_metrics",
      "node": "t__symbol_graph_metrics",
      "origin": "core",
      "severity": "warning",
      "target": "symbol_graph_metrics"
    },
    {
      "code": "missing_anchor_tag",
      "message": "Target anchor missing schema_ref tag",
      "module": "codeintel.build.hamilton.native.graphs.symbol_use",
      "module_import": "codeintel.build.hamilton.native.graphs.symbol_use",
      "node": "t__symbol_uses",
      "origin": "core",
      "severity": "warning",
      "target": "symbol_uses"
    },
    {
      "code": "missing_anchor_tag",
      "message": "Target anchor missing schema_ref tag",
      "module": "codeintel.build.hamilton.native.ingestion.extraction_targets",
      "module_import": "codeintel.build.hamilton.native.ingestion.extraction_targets",
      "node": "t__symtable",
      "origin": "core",
      "severity": "warning",
      "target": "symtable"
    },
    {
      "code": "missing_anchor_tag",
      "message": "Target anchor missing schema_ref tag",
      "module": "codeintel.build.hamilton.native.ingestion.syntax_augment",
      "module_import": "codeintel.build.hamilton.native.ingestion.syntax_augment",
      "node": "t__syntax_augment",
      "origin": "core",
      "severity": "warning",
      "target": "syntax_augment"
    },
    {
      "code": "missing_anchor_tag",
      "message": "Target anchor missing schema_ref tag",
      "module": "codeintel.build.hamilton.native.ingestion.syntax_enrich",
      "module_import": "codeintel.build.hamilton.native.ingestion.syntax_enrich",
      "node": "t__syntax_enrich",
      "origin": "core",
      "severity": "warning",
      "target": "syntax_enrich"
    },
    {
      "code": "missing_anchor_tag",
      "message": "Target anchor missing schema_ref tag",
      "module": "codeintel.build.hamilton.native.ingestion.extraction_targets",
      "module_import": "codeintel.build.hamilton.native.ingestion.extraction_targets",
      "node": "t__syntax_index",
      "origin": "core",
      "severity": "warning",
      "target": "syntax_index"
    },
    {
      "code": "missing_anchor_tag",
      "message": "Target anchor missing schema_ref tag",
      "module": "codeintel.build.hamilton.native.ingestion.ingest_targets",
      "module_import": "codeintel.build.hamilton.native.ingestion.ingest_targets",
      "node": "t__tests_ingest",
      "origin": "core",
      "severity": "warning",
      "target": "tests_ingest"
    },
    {
      "code": "missing_anchor_tag",
      "message": "Target anchor missing schema_ref tag",
      "module": "codeintel.build.hamilton.native.ingestion.tree_sitter",
      "module_import": "codeintel.build.hamilton.native.ingestion.tree_sitter",
      "node": "t__tree_sitter_index",
      "origin": "core",
      "severity": "warning",
      "target": "tree_sitter_index"
    },
    {
      "code": "missing_anchor_tag",
      "message": "Target anchor missing schema_ref tag",
      "module": "codeintel.build.hamilton.native.ingestion.ingest_targets",
      "module_import": "codeintel.build.hamilton.native.ingestion.ingest_targets",
      "node": "t__typing",
      "origin": "core",
      "severity": "warning",
      "target": "typing"
    },
    {
      "code": "missing_anchor_tag",
      "message": "Target anchor missing schema_ref tag",
      "module": "codeintel.build.hamilton.native.views.view_outputs",
      "module_import": "codeintel.build.hamilton.native.views.view_outputs",
      "node": "t__views",
      "origin": "core",
      "severity": "warning",
      "target": "views"
    }
  ]
}

build.hamilton.writer.start_run_failed run_id=hamilton-019b8896148b7c078c8de2afcb2aabdc error=DuckDB upsert disabled for parquet-backed dataset: build.runs
Failed to export traces to localhost:4317, error code: StatusCode.UNAVAILABLE
Transient error StatusCode.UNAVAILABLE encountered while exporting traces to localhost:4317, retrying in 0.89s.
build.hamilton.writer.run_environment_failed run_id=hamilton-019b8896148b7c078c8de2afcb2aabdc error=DuckDB upsert disabled for parquet-backed dataset: build.run_environments
build.dag.preflight.fail run_id=hamilton-019b8896148b7c078c8de2afcb2aabdc repo=github.com/paul-heyse/CodeIntel commit=3c5af2164daa028b369ed5d8f6a460dc1b2f085d failures=({'kind': 'missing_saver', 'message': 'Dataset node d__analytics__cfg_block_metrics not wired to saver for analytics.cfg_block_metrics; ci.data_node=cfg_block_metrics__table', 'node_name': 'd__analytics__cfg_block_metrics', 'table_key': 'analytics.cfg_block_metrics'}, {'kind': 'missing_saver', 'message': 'Dataset node d__analytics__cfg_function_metrics not wired to saver for analytics.cfg_function_metrics; ci.data_node=cfg_function_metrics__table', 'node_name': 'd__analytics__cfg_function_metrics', 'table_key': 'analytics.cfg_function_metrics'}, {'kind': 'missing_saver', 'message': 'Dataset node d__analytics__cfg_function_metrics_ext not wired to saver for analytics.cfg_function_metrics_ext; ci.data_node=cfg_function_metrics_ext__table', 'node_name': 'd__analytics__cfg_function_metrics_ext', 'table_key': 'analytics.cfg_function_metrics_ext'}, {'kind': 'missing_saver', 'message': 'Dataset node d__analytics__config_data_flow not wired to saver for analytics.config_data_flow; ci.data_node=config_data_flow__table', 'node_name': 'd__analytics__config_data_flow', 'table_key': 'analytics.config_data_flow'}, {'kind': 'missing_saver', 'message': 'Dataset node d__analytics__config_graph_metrics_keys not wired to saver for analytics.config_graph_metrics_keys; ci.data_node=config_graph_metrics_keys__table', 'node_name': 'd__analytics__config_graph_metrics_keys', 'table_key': 'analytics.config_graph_metrics_keys'}, {'kind': 'missing_saver', 'message': 'Dataset node d__analytics__config_graph_metrics_modules not wired to saver for analytics.config_graph_metrics_modules; ci.data_node=config_graph_metrics_modules__table', 'node_name': 'd__analytics__config_graph_metrics_modules', 'table_key': 'analytics.config_graph_metrics_modules'}, {'kind': 'missing_saver', 'message': 'Dataset node d__analytics__config_projection_key_edges not wired to saver for analytics.config_projection_key_edges; ci.data_node=config_projection_key_edges__table', 'node_name': 'd__analytics__config_projection_key_edges', 'table_key': 'analytics.config_projection_key_edges'}, {'kind': 'missing_saver', 'message': 'Dataset node d__analytics__config_projection_module_edges not wired to saver for analytics.config_projection_module_edges; ci.data_node=config_projection_module_edges__table', 'node_name': 'd__analytics__config_projection_module_edges', 'table_key': 'analytics.config_projection_module_edges'}, {'kind': 'missing_saver', 'message': 'Dataset node d__analytics__config_values not wired to saver for analytics.config_values; ci.data_node=config_ingest__rows', 'node_name': 'd__analytics__config_values', 'table_key': 'analytics.config_values'}, {'kind': 'missing_saver', 'message': 'Dataset node d__analytics__data_model_fields not wired to saver for analytics.data_model_fields; ci.data_node=data_model_fields__table', 'node_name': 'd__analytics__data_model_fields', 'table_key': 'analytics.data_model_fields'}, {'kind': 'missing_saver', 'message': 'Dataset node d__analytics__data_model_relationships not wired to saver for analytics.data_model_relationships; ci.data_node=data_model_relationships__table', 'node_name': 'd__analytics__data_model_relationships', 'table_key': 'analytics.data_model_relationships'}, {'kind': 'missing_saver', 'message': 'Dataset node d__analytics__data_model_usage not wired to saver for analytics.data_model_usage; ci.data_node=data_model_usage__table', 'node_name': 'd__analytics__data_model_usage', 'table_key': 'analytics.data_model_usage'}, {'kind': 'missing_saver', 'message': 'Dataset node d__analytics__data_models not wired to saver for analytics.data_models; ci.data_node=data_models__table', 'node_name': 'd__analytics__data_models', 'table_key': 'analytics.data_models'}, {'kind': 'missing_saver', 'message': 'Dataset node d__analytics__dfg_block_metrics not wired to saver for analytics.dfg_block_metrics; ci.data_node=dfg_block_metrics__table', 'node_name': 'd__analytics__dfg_block_metrics', 'table_key': 'analytics.dfg_block_metrics'}, {'kind': 'missing_saver', 'message': 'Dataset node d__analytics__dfg_function_metrics not wired to saver for analytics.dfg_function_metrics; ci.data_node=dfg_function_metrics__table', 'node_name': 'd__analytics__dfg_function_metrics', 'table_key': 'analytics.dfg_function_metrics'}, {'kind': 'missing_saver', 'message': 'Dataset node d__analytics__dfg_function_metrics_ext not wired to saver for analytics.dfg_function_metrics_ext; ci.data_node=dfg_function_metrics_ext__table', 'node_name': 'd__analytics__dfg_function_metrics_ext', 'table_key': 'analytics.dfg_function_metrics_ext'}, {'kind': 'missing_saver', 'message': 'Dataset node d__analytics__entrypoint_tests not wired to saver for analytics.entrypoint_tests; ci.data_node=entrypoint_tests__table', 'node_name': 'd__analytics__entrypoint_tests', 'table_key': 'analytics.entrypoint_tests'}, {'kind': 'missing_saver', 'message': 'Dataset node d__analytics__entrypoints not wired to saver for analytics.entrypoints; ci.data_node=entrypoints__table', 'node_name': 'd__analytics__entrypoints', 'table_key': 'analytics.entrypoints'}, {'kind': 'missing_saver', 'message': 'Dataset node d__analytics__external_dependencies not wired to saver for analytics.external_dependencies; ci.data_node=external_dependencies__table', 'node_name': 'd__analytics__external_dependencies', 'table_key': 'analytics.external_dependencies'}, {'kind': 'missing_saver', 'message': 'Dataset node d__analytics__external_dependency_calls not wired to saver for analytics.external_dependency_calls; ci.data_node=external_dependency_calls__table', 'node_name': 'd__analytics__external_dependency_calls', 'table_key': 'analytics.external_dependency_calls'}, {'kind': 'missing_saver', 'message': 'Dataset node d__analytics__function_ast_features not wired to saver for analytics.function_ast_features; ci.data_node=function_ast_features__table', 'node_name': 'd__analytics__function_ast_features', 'table_key': 'analytics.function_ast_features'}, {'kind': 'missing_saver', 'message': 'Dataset node d__analytics__function_contracts not wired to saver for analytics.function_contracts; ci.data_node=function_contracts__table', 'node_name': 'd__analytics__function_contracts', 'table_key': 'analytics.function_contracts'}, {'kind': 'missing_saver', 'message': 'Dataset node d__analytics__function_effects not wired to saver for analytics.function_effects; ci.data_node=function_effects__table', 'node_name': 'd__analytics__function_effects', 'table_key': 'analytics.function_effects'}, {'kind': 'missing_saver', 'message': 'Dataset node d__analytics__function_types not wired to saver for analytics.function_types; ci.data_node=function_types__table', 'node_name': 'd__analytics__function_types', 'table_key': 'analytics.function_types'}, {'kind': 'missing_saver', 'message': 'Dataset node d__analytics__function_validation not wired to saver for analytics.function_validation; ci.data_node=function_validation__table', 'node_name': 'd__analytics__function_validation', 'table_key': 'analytics.function_validation'}, {'kind': 'missing_saver', 'message': 'Dataset node d__analytics__graph_metrics_functions not wired to saver for analytics.graph_metrics_functions; ci.data_node=graph_metrics_functions__table', 'node_name': 'd__analytics__graph_metrics_functions', 'table_key': 'analytics.graph_metrics_functions'}, {'kind': 'missing_saver', 'message': 'Dataset node d__analytics__graph_metrics_functions_ext not wired to saver for analytics.graph_metrics_functions_ext; ci.data_node=graph_metrics_functions_ext__table', 'node_name': 'd__analytics__graph_metrics_functions_ext', 'table_key': 'analytics.graph_metrics_functions_ext'}, {'kind': 'missing_saver', 'message': 'Dataset node d__analytics__graph_metrics_modules not wired to saver for analytics.graph_metrics_modules; ci.data_node=graph_metrics_modules__table', 'node_name': 'd__analytics__graph_metrics_modules', 'table_key': 'analytics.graph_metrics_modules'}, {'kind': 'missing_saver', 'message': 'Dataset node d__analytics__graph_metrics_modules_ext not wired to saver for analytics.graph_metrics_modules_ext; ci.data_node=graph_metrics_modules_ext__table', 'node_name': 'd__analytics__graph_metrics_modules_ext', 'table_key': 'analytics.graph_metrics_modules_ext'}, {'kind': 'missing_saver', 'message': 'Dataset node d__analytics__graph_stats not wired to saver for analytics.graph_stats; ci.data_node=graph_stats__table', 'node_name': 'd__analytics__graph_stats', 'table_key': 'analytics.graph_stats'}, {'kind': 'missing_saver', 'message': 'Dataset node d__analytics__graph_validation not wired to saver for analytics.graph_validation; ci.data_node=graph_validation__table', 'node_name': 'd__analytics__graph_validation', 'table_key': 'analytics.graph_validation'}, {'kind': 'missing_saver', 'message': 'Dataset node d__analytics__py_cpg_quality_report not wired to saver for analytics.py_cpg_quality_report; ci.data_node=py_cpg_quality_report__table', 'node_name': 'd__analytics__py_cpg_quality_report', 'table_key': 'analytics.py_cpg_quality_report'}, {'kind': 'missing_saver', 'message': 'Dataset node d__analytics__semantic_roles_functions not wired to saver for analytics.semantic_roles_functions; ci.data_node=semantic_roles_functions__table', 'node_name': 'd__analytics__semantic_roles_functions', 'table_key': 'analytics.semantic_roles_functions'}, {'kind': 'missing_saver', 'message': 'Dataset node d__analytics__semantic_roles_modules not wired to saver for analytics.semantic_roles_modules; ci.data_node=semantic_roles_modules__table', 'node_name': 'd__analytics__semantic_roles_modules', 'table_key': 'analytics.semantic_roles_modules'}, {'kind': 'missing_saver', 'message': 'Dataset node d__analytics__static_diagnostics not wired to saver for analytics.static_diagnostics; ci.data_node=typing__diagnostic_rows', 'node_name': 'd__analytics__static_diagnostics', 'table_key': 'analytics.static_diagnostics'}, {'kind': 'missing_saver', 'message': 'Dataset node d__analytics__subsystem_agreement not wired to saver for analytics.subsystem_agreement; ci.data_node=subsystem_agreement__table', 'node_name': 'd__analytics__subsystem_agreement', 'table_key': 'analytics.subsystem_agreement'}, {'kind': 'missing_saver', 'message': 'Dataset node d__analytics__subsystem_graph_metrics not wired to saver for analytics.subsystem_graph_metrics; ci.data_node=subsystem_graph_metrics__table', 'node_name': 'd__analytics__subsystem_graph_metrics', 'table_key': 'analytics.subsystem_graph_metrics'}, {'kind': 'missing_saver', 'message': 'Dataset node d__analytics__subsystem_modules not wired to saver for analytics.subsystem_modules; ci.data_node=subsystem_modules__table', 'node_name': 'd__analytics__subsystem_modules', 'table_key': 'analytics.subsystem_modules'}, {'kind': 'missing_saver', 'message': 'Dataset node d__analytics__subsystem_profile_cache not wired to saver for analytics.subsystem_profile_cache; ci.data_node=subsystem_profile_cache__table', 'node_name': 'd__analytics__subsystem_profile_cache', 'table_key': 'analytics.subsystem_profile_cache'}, {'kind': 'missing_saver', 'message': 'Dataset node d__analytics__subsystems not wired to saver for analytics.subsystems; ci.data_node=subsystems__table', 'node_name': 'd__analytics__subsystems', 'table_key': 'analytics.subsystems'}, {'kind': 'missing_saver', 'message': 'Dataset node d__analytics__symbol_graph_metrics_functions not wired to saver for analytics.symbol_graph_metrics_functions; ci.data_node=symbol_graph_metrics_functions__table', 'node_name': 'd__analytics__symbol_graph_metrics_functions', 'table_key': 'analytics.symbol_graph_metrics_functions'}, {'kind': 'missing_saver', 'message': 'Dataset node d__analytics__symbol_graph_metrics_modules not wired to saver for analytics.symbol_graph_metrics_modules; ci.data_node=symbol_graph_metrics_modules__table', 'node_name': 'd__analytics__symbol_graph_metrics_modules', 'table_key': 'analytics.symbol_graph_metrics_modules'}, {'kind': 'missing_saver', 'message': 'Dataset node d__analytics__test_catalog not wired to saver for analytics.test_catalog; ci.data_node=tests__rows', 'node_name': 'd__analytics__test_catalog', 'table_key': 'analytics.test_catalog'}, {'kind': 'missing_saver', 'message': 'Dataset node d__ci__plan_entries not wired to saver for ci.plan_entries; ci.data_node=m__ci_plan_entries', 'node_name': 'd__ci__plan_entries', 'table_key': 'ci.plan_entries'}, {'kind': 'missing_saver', 'message': 'Dataset node d__core__ast_metrics not wired to saver for core.ast_metrics; ci.data_node=ast__metric_rows', 'node_name': 'd__core__ast_metrics', 'table_key': 'core.ast_metrics'}, {'kind': 'missing_saver', 'message': 'Dataset node d__core__ast_nodes not wired to saver for core.ast_nodes; ci.data_node=ast__node_rows', 'node_name': 'd__core__ast_nodes', 'table_key': 'core.ast_nodes'}, {'kind': 'missing_saver', 'message': 'Dataset node d__core__cst_nodes not wired to saver for core.cst_nodes; ci.data_node=cst__node_rows', 'node_name': 'd__core__cst_nodes', 'table_key': 'core.cst_nodes'}, {'kind': 'missing_saver', 'message': 'Dataset node d__core__docstrings not wired to saver for core.docstrings; ci.data_node=docstrings__rows', 'node_name': 'd__core__docstrings', 'table_key': 'core.docstrings'}, {'kind': 'missing_saver', 'message': 'Dataset node d__core__file_line_index not wired to saver for core.file_line_index; ci.data_node=file_line_index__table', 'node_name': 'd__core__file_line_index', 'table_key': 'core.file_line_index'}, {'kind': 'missing_saver', 'message': 'Dataset node d__core__file_state not wired to saver for core.file_state; ci.data_node=modules__file_state_rows', 'node_name': 'd__core__file_state', 'table_key': 'core.file_state'}, {'kind': 'missing_saver', 'message': 'Dataset node d__core__goid_crosswalk not wired to saver for core.goid_crosswalk; ci.data_node=goid_crosswalk__table', 'node_name': 'd__core__goid_crosswalk', 'table_key': 'core.goid_crosswalk'}, {'kind': 'missing_saver', 'message': 'Dataset node d__core__goids not wired to saver for core.goids; ci.data_node=goids__table', 'node_name': 'd__core__goids', 'table_key': 'core.goids'}, {'kind': 'missing_saver', 'message': 'Dataset node d__core__modules not wired to saver for core.modules; ci.data_node=modules__module_rows', 'node_name': 'd__core__modules', 'table_key': 'core.modules'}, {'kind': 'missing_saver', 'message': 'Dataset node d__core__parse_manifest not wired to saver for core.parse_manifest; ci.data_node=syntax_index__parse_manifest_rows', 'node_name': 'd__core__parse_manifest', 'table_key': 'core.parse_manifest'}, {'kind': 'missing_saver', 'message': 'Dataset node d__core__py_bc_blocks not wired to saver for core.py_bc_blocks; ci.data_node=bytecode__block_rows', 'node_name': 'd__core__py_bc_blocks', 'table_key': 'core.py_bc_blocks'}, {'kind': 'missing_saver', 'message': 'Dataset node d__core__py_bc_cfg_edges not wired to saver for core.py_bc_cfg_edges; ci.data_node=bytecode__cfg_edge_rows', 'node_name': 'd__core__py_bc_cfg_edges', 'table_key': 'core.py_bc_cfg_edges'}, {'kind': 'missing_saver', 'message': 'Dataset node d__core__py_bc_code_units not wired to saver for core.py_bc_code_units; ci.data_node=bytecode__code_unit_rows', 'node_name': 'd__core__py_bc_code_units', 'table_key': 'core.py_bc_code_units'}, {'kind': 'missing_saver', 'message': 'Dataset node d__core__py_bc_defuse_events not wired to saver for core.py_bc_defuse_events; ci.data_node=bytecode__defuse_event_rows', 'node_name': 'd__core__py_bc_defuse_events', 'table_key': 'core.py_bc_defuse_events'}, {'kind': 'missing_saver', 'message': 'Dataset node d__core__py_bc_exception_table not wired to saver for core.py_bc_exception_table; ci.data_node=bytecode__exception_rows', 'node_name': 'd__core__py_bc_exception_table', 'table_key': 'core.py_bc_exception_table'}, {'kind': 'missing_saver', 'message': 'Dataset node d__core__py_bc_instructions not wired to saver for core.py_bc_instructions; ci.data_node=bytecode__instruction_rows', 'node_name': 'd__core__py_bc_instructions', 'table_key': 'core.py_bc_instructions'}, {'kind': 'missing_saver', 'message': 'Dataset node d__core__py_compiler_metadata not wired to saver for core.py_compiler_metadata; ci.data_node=bytecode__compiler_meta_rows', 'node_name': 'd__core__py_compiler_metadata', 'table_key': 'core.py_compiler_metadata'}, {'kind': 'missing_saver', 'message': 'Dataset node d__core__py_inspect_annotations_kv not wired to saver for core.py_inspect_annotations_kv; ci.data_node=inspect__annotation_rows', 'node_name': 'd__core__py_inspect_annotations_kv', 'table_key': 'core.py_inspect_annotations_kv'}, {'kind': 'missing_saver', 'message': 'Dataset node d__core__py_inspect_class_attrs not wired to saver for core.py_inspect_class_attrs; ci.data_node=inspect__class_attr_rows', 'node_name': 'd__core__py_inspect_class_attrs', 'table_key': 'core.py_inspect_class_attrs'}, {'kind': 'missing_saver', 'message': 'Dataset node d__core__py_inspect_class_mro not wired to saver for core.py_inspect_class_mro; ci.data_node=inspect__class_mro_rows', 'node_name': 'd__core__py_inspect_class_mro', 'table_key': 'core.py_inspect_class_mro'}, {'kind': 'missing_saver', 'message': 'Dataset node d__core__py_inspect_members_static not wired to saver for core.py_inspect_members_static; ci.data_node=inspect__member_rows', 'node_name': 'd__core__py_inspect_members_static', 'table_key': 'core.py_inspect_members_static'}, {'kind': 'missing_saver', 'message': 'Dataset node d__core__py_inspect_objects not wired to saver for core.py_inspect_objects; ci.data_node=inspect__object_rows', 'node_name': 'd__core__py_inspect_objects', 'table_key': 'core.py_inspect_objects'}, {'kind': 'missing_saver', 'message': 'Dataset node d__core__py_inspect_runtime_state not wired to saver for core.py_inspect_runtime_state; ci.data_node=inspect__runtime_state_rows', 'node_name': 'd__core__py_inspect_runtime_state', 'table_key': 'core.py_inspect_runtime_state'}, {'kind': 'missing_saver', 'message': 'Dataset node d__core__py_inspect_signature_params not wired to saver for core.py_inspect_signature_params; ci.data_node=inspect__signature_param_rows', 'node_name': 'd__core__py_inspect_signature_params', 'table_key': 'core.py_inspect_signature_params'}, {'kind': 'missing_saver', 'message': 'Dataset node d__core__py_inspect_signatures not wired to saver for core.py_inspect_signatures; ci.data_node=inspect__signature_rows', 'node_name': 'd__core__py_inspect_signatures', 'table_key': 'core.py_inspect_signatures'}, {'kind': 'missing_saver', 'message': 'Dataset node d__core__py_inspect_source not wired to saver for core.py_inspect_source; ci.data_node=inspect__source_rows', 'node_name': 'd__core__py_inspect_source', 'table_key': 'core.py_inspect_source'}, {'kind': 'missing_saver', 'message': 'Dataset node d__core__py_inspect_unwrap_hops not wired to saver for core.py_inspect_unwrap_hops; ci.data_node=inspect__unwrap_rows', 'node_name': 'd__core__py_inspect_unwrap_hops', 'table_key': 'core.py_inspect_unwrap_hops'}, {'kind': 'missing_saver', 'message': 'Dataset node d__core__py_sym_bindings not wired to saver for core.py_sym_bindings; ci.data_node=symtable__binding_rows', 'node_name': 'd__core__py_sym_bindings', 'table_key': 'core.py_sym_bindings'}, {'kind': 'missing_saver', 'message': 'Dataset node d__core__py_sym_function_partitions not wired to saver for core.py_sym_function_partitions; ci.data_node=symtable__function_partition_rows', 'node_name': 'd__core__py_sym_function_partitions', 'table_key': 'core.py_sym_function_partitions'}, {'kind': 'missing_saver', 'message': 'Dataset node d__core__py_sym_namespace_edges not wired to saver for core.py_sym_namespace_edges; ci.data_node=symtable__namespace_edge_rows', 'node_name': 'd__core__py_sym_namespace_edges', 'table_key': 'core.py_sym_namespace_edges'}, {'kind': 'missing_saver', 'message': 'Dataset node d__core__py_sym_resolution_edges not wired to saver for core.py_sym_resolution_edges; ci.data_node=symtable__resolution_edge_rows', 'node_name': 'd__core__py_sym_resolution_edges', 'table_key': 'core.py_sym_resolution_edges'}, {'kind': 'missing_saver', 'message': 'Dataset node d__core__py_sym_scope_edges not wired to saver for core.py_sym_scope_edges; ci.data_node=symtable__scope_edge_rows', 'node_name': 'd__core__py_sym_scope_edges', 'table_key': 'core.py_sym_scope_edges'}, {'kind': 'missing_saver', 'message': 'Dataset node d__core__py_sym_scopes not wired to saver for core.py_sym_scopes; ci.data_node=symtable__scope_rows', 'node_name': 'd__core__py_sym_scopes', 'table_key': 'core.py_sym_scopes'}, {'kind': 'missing_saver', 'message': 'Dataset node d__core__py_sym_symbols not wired to saver for core.py_sym_symbols; ci.data_node=symtable__symbol_rows', 'node_name': 'd__core__py_sym_symbols', 'table_key': 'core.py_sym_symbols'}, {'kind': 'missing_saver', 'message': 'Dataset node d__core__repo_map not wired to saver for core.repo_map; ci.data_node=modules__repo_map_rows', 'node_name': 'd__core__repo_map', 'table_key': 'core.repo_map'}, {'kind': 'missing_saver', 'message': 'Dataset node d__core__schema_inference_errors not wired to saver for core.schema_inference_errors; ci.data_node=serving_artifacts__schema_inference_errors_rows', 'node_name': 'd__core__schema_inference_errors', 'table_key': 'core.schema_inference_errors'}, {'kind': 'missing_saver', 'message': 'Dataset node d__core__scip_diagnostics not wired to saver for core.scip_diagnostics; ci.data_node=scip__diagnostic_rows', 'node_name': 'd__core__scip_diagnostics', 'table_key': 'core.scip_diagnostics'}, {'kind': 'missing_saver', 'message': 'Dataset node d__core__scip_external_symbols not wired to saver for core.scip_external_symbols; ci.data_node=scip__external_symbol_rows', 'node_name': 'd__core__scip_external_symbols', 'table_key': 'core.scip_external_symbols'}, {'kind': 'missing_saver', 'message': 'Dataset node d__core__scip_module_state not wired to saver for core.scip_module_state; ci.data_node=scip__module_state_rows', 'node_name': 'd__core__scip_module_state', 'table_key': 'core.scip_module_state'}, {'kind': 'missing_saver', 'message': 'Dataset node d__core__scip_occurrence_span_xref not wired to saver for core.scip_occurrence_span_xref; ci.data_node=scip_resolution__occurrence_span_xref', 'node_name': 'd__core__scip_occurrence_span_xref', 'table_key': 'core.scip_occurrence_span_xref'}, {'kind': 'missing_saver', 'message': 'Dataset node d__core__scip_occurrence_syntax_xref not wired to saver for core.scip_occurrence_syntax_xref; ci.data_node=scip_resolution__occurrence_syntax_xref', 'node_name': 'd__core__scip_occurrence_syntax_xref', 'table_key': 'core.scip_occurrence_syntax_xref'}, {'kind': 'missing_saver', 'message': 'Dataset node d__core__scip_occurrences not wired to saver for core.scip_occurrences; ci.data_node=scip__occurrence_rows', 'node_name': 'd__core__scip_occurrences', 'table_key': 'core.scip_occurrences'}, {'kind': 'missing_saver', 'message': 'Dataset node d__core__scip_symbol_goid_xref not wired to saver for core.scip_symbol_goid_xref; ci.data_node=scip_resolution__symbol_goid_xref', 'node_name': 'd__core__scip_symbol_goid_xref', 'table_key': 'core.scip_symbol_goid_xref'}, {'kind': 'missing_saver', 'message': 'Dataset node d__core__scip_symbol_information not wired to saver for core.scip_symbol_information; ci.data_node=scip__symbol_info_rows', 'node_name': 'd__core__scip_symbol_information', 'table_key': 'core.scip_symbol_information'}, {'kind': 'missing_saver', 'message': 'Dataset node d__core__scip_symbol_relationships not wired to saver for core.scip_symbol_relationships; ci.data_node=scip__relationship_rows', 'node_name': 'd__core__scip_symbol_relationships', 'table_key': 'core.scip_symbol_relationships'}, {'kind': 'missing_saver', 'message': 'Dataset node d__core__scip_symbols not wired to saver for core.scip_symbols; ci.data_node=scip__symbol_rows', 'node_name': 'd__core__scip_symbols', 'table_key': 'core.scip_symbols'}, {'kind': 'missing_saver', 'message': 'Dataset node d__core__syntax_call_args not wired to saver for core.syntax_call_args; ci.data_node=syntax_index__call_arg_rows', 'node_name': 'd__core__syntax_call_args', 'table_key': 'core.syntax_call_args'}, {'kind': 'missing_saver', 'message': 'Dataset node d__core__syntax_calls not wired to saver for core.syntax_calls; ci.data_node=syntax_index__call_rows', 'node_name': 'd__core__syntax_calls', 'table_key': 'core.syntax_calls'}, {'kind': 'missing_saver', 'message': 'Dataset node d__core__syntax_calls_resolved not wired to saver for core.syntax_calls_resolved; ci.data_node=syntax_enrich__calls_resolved', 'node_name': 'd__core__syntax_calls_resolved', 'table_key': 'core.syntax_calls_resolved'}, {'kind': 'missing_saver', 'message': 'Dataset node d__core__syntax_defs not wired to saver for core.syntax_defs; ci.data_node=syntax_index__def_rows', 'node_name': 'd__core__syntax_defs', 'table_key': 'core.syntax_defs'}, {'kind': 'missing_saver', 'message': 'Dataset node d__core__syntax_defs_resolved not wired to saver for core.syntax_defs_resolved; ci.data_node=syntax_enrich__defs_resolved', 'node_name': 'd__core__syntax_defs_resolved', 'table_key': 'core.syntax_defs_resolved'}, {'kind': 'missing_saver', 'message': 'Dataset node d__core__syntax_edges not wired to saver for core.syntax_edges; ci.data_node=syntax_index__edge_rows', 'node_name': 'd__core__syntax_edges', 'table_key': 'core.syntax_edges'}, {'kind': 'missing_saver', 'message': 'Dataset node d__core__syntax_edges_augmented not wired to saver for core.syntax_edges_augmented; ci.data_node=syntax_augment__syntax_edges', 'node_name': 'd__core__syntax_edges_augmented', 'table_key': 'core.syntax_edges_augmented'}, {'kind': 'missing_saver', 'message': 'Dataset node d__core__syntax_func_params not wired to saver for core.syntax_func_params; ci.data_node=syntax_index__func_param_rows', 'node_name': 'd__core__syntax_func_params', 'table_key': 'core.syntax_func_params'}, {'kind': 'missing_saver', 'message': 'Dataset node d__core__syntax_imports not wired to saver for core.syntax_imports; ci.data_node=syntax_index__import_rows', 'node_name': 'd__core__syntax_imports', 'table_key': 'core.syntax_imports'}, {'kind': 'missing_saver', 'message': 'Dataset node d__core__syntax_imports_resolved not wired to saver for core.syntax_imports_resolved; ci.data_node=syntax_enrich__imports_resolved', 'node_name': 'd__core__syntax_imports_resolved', 'table_key': 'core.syntax_imports_resolved'}, {'kind': 'missing_saver', 'message': 'Dataset node d__core__syntax_nodes not wired to saver for core.syntax_nodes; ci.data_node=syntax_index__node_rows', 'node_name': 'd__core__syntax_nodes', 'table_key': 'core.syntax_nodes'}, {'kind': 'missing_saver', 'message': 'Dataset node d__core__syntax_nodes_augmented not wired to saver for core.syntax_nodes_augmented; ci.data_node=syntax_augment__syntax_nodes', 'node_name': 'd__core__syntax_nodes_augmented', 'table_key': 'core.syntax_nodes_augmented'}, {'kind': 'missing_saver', 'message': 'Dataset node d__core__syntax_refs not wired to saver for core.syntax_refs; ci.data_node=syntax_index__ref_rows', 'node_name': 'd__core__syntax_refs', 'table_key': 'core.syntax_refs'}, {'kind': 'missing_saver', 'message': 'Dataset node d__core__syntax_refs_resolved not wired to saver for core.syntax_refs_resolved; ci.data_node=syntax_enrich__refs_resolved', 'node_name': 'd__core__syntax_refs_resolved', 'table_key': 'core.syntax_refs_resolved'}, {'kind': 'missing_saver', 'message': 'Dataset node d__core__syntax_scopes not wired to saver for core.syntax_scopes; ci.data_node=syntax_index__scope_rows', 'node_name': 'd__core__syntax_scopes', 'table_key': 'core.syntax_scopes'}, {'kind': 'missing_saver', 'message': 'Dataset node d__core__syntax_spans not wired to saver for core.syntax_spans; ci.data_node=syntax_index__span_rows', 'node_name': 'd__core__syntax_spans', 'table_key': 'core.syntax_spans'}, {'kind': 'missing_saver', 'message': 'Dataset node d__core__ts_captures not wired to saver for core.ts_captures; ci.data_node=tree_sitter_index__captures_rows', 'node_name': 'd__core__ts_captures', 'table_key': 'core.ts_captures'}, {'kind': 'missing_saver', 'message': 'Dataset node d__core__ts_changed_ranges not wired to saver for core.ts_changed_ranges; ci.data_node=tree_sitter_index__changed_ranges_rows', 'node_name': 'd__core__ts_changed_ranges', 'table_key': 'core.ts_changed_ranges'}, {'kind': 'missing_saver', 'message': 'Dataset node d__core__ts_edges not wired to saver for core.ts_edges; ci.data_node=tree_sitter_index__edges_rows', 'node_name': 'd__core__ts_edges', 'table_key': 'core.ts_edges'}, {'kind': 'missing_saver', 'message': 'Dataset node d__core__ts_language_metadata not wired to saver for core.ts_language_metadata; ci.data_node=tree_sitter_index__language_metadata_rows', 'node_name': 'd__core__ts_language_metadata', 'table_key': 'core.ts_language_metadata'}, {'kind': 'missing_saver', 'message': 'Dataset node d__core__ts_nodes not wired to saver for core.ts_nodes; ci.data_node=tree_sitter_index__nodes_rows', 'node_name': 'd__core__ts_nodes', 'table_key': 'core.ts_nodes'}, {'kind': 'missing_saver', 'message': 'Dataset node d__core__ts_parse_errors not wired to saver for core.ts_parse_errors; ci.data_node=tree_sitter_index__parse_error_rows', 'node_name': 'd__core__ts_parse_errors', 'table_key': 'core.ts_parse_errors'}, {'kind': 'missing_saver', 'message': 'Dataset node d__core__ts_parse_manifest not wired to saver for core.ts_parse_manifest; ci.data_node=tree_sitter_index__parse_manifest_rows', 'node_name': 'd__core__ts_parse_manifest', 'table_key': 'core.ts_parse_manifest'}, {'kind': 'missing_saver', 'message': 'Dataset node d__core__ts_syntax_node_xref not wired to saver for core.ts_syntax_node_xref; ci.data_node=syntax_augment__ts_syntax_node_xref', 'node_name': 'd__core__ts_syntax_node_xref', 'table_key': 'core.ts_syntax_node_xref'}, {'kind': 'missing_saver', 'message': 'Dataset node d__core__ts_tokens not wired to saver for core.ts_tokens; ci.data_node=tree_sitter_index__tokens_rows', 'node_name': 'd__core__ts_tokens', 'table_key': 'core.ts_tokens'}, {'kind': 'missing_saver', 'message': 'Dataset node d__core__ts_trivia not wired to saver for core.ts_trivia; ci.data_node=tree_sitter_index__trivia_rows', 'node_name': 'd__core__ts_trivia', 'table_key': 'core.ts_trivia'}, {'kind': 'missing_saver', 'message': 'Dataset node d__core__ts_weld_coverage not wired to saver for core.ts_weld_coverage; ci.data_node=syntax_augment__ts_weld_coverage', 'node_name': 'd__core__ts_weld_coverage', 'table_key': 'core.ts_weld_coverage'}, {'kind': 'missing_saver', 'message': 'Dataset node d__core__v_goid_crosswalk_join not wired to saver for core.v_goid_crosswalk_join; ci.data_node=build_goid_crosswalk_join', 'node_name': 'd__core__v_goid_crosswalk_join', 'table_key': 'core.v_goid_crosswalk_join'}, {'kind': 'missing_saver', 'message': 'Dataset node d__core__v_goid_crosswalk_mismatches not wired to saver for core.v_goid_crosswalk_mismatches; ci.data_node=build_goid_crosswalk_mismatches', 'node_name': 'd__core__v_goid_crosswalk_mismatches', 'table_key': 'core.v_goid_crosswalk_mismatches'}, {'kind': 'missing_saver', 'message': 'Dataset node d__docs__v_behavioral_classification_input not wired to saver for docs.v_behavioral_classification_input; ci.data_node=build_docs_behavioral_classification_input', 'node_name': 'd__docs__v_behavioral_classification_input', 'table_key': 'docs.v_behavioral_classification_input'}, {'kind': 'missing_saver', 'message': 'Dataset node d__docs__v_call_graph_enriched not wired to saver for docs.v_call_graph_enriched; ci.data_node=build_call_graph_enriched', 'node_name': 'd__docs__v_call_graph_enriched', 'table_key': 'docs.v_call_graph_enriched'}, {'kind': 'missing_saver', 'message': 'Dataset node d__docs__v_cfg_block_architecture not wired to saver for docs.v_cfg_block_architecture; ci.data_node=build_docs_cfg_block_architecture', 'node_name': 'd__docs__v_cfg_block_architecture', 'table_key': 'docs.v_cfg_block_architecture'}, {'kind': 'missing_saver', 'message': 'Dataset node d__docs__v_config_data_flow not wired to saver for docs.v_config_data_flow; ci.data_node=build_docs_config_data_flow', 'node_name': 'd__docs__v_config_data_flow', 'table_key': 'docs.v_config_data_flow'}, {'kind': 'missing_saver', 'message': 'Dataset node d__docs__v_data_model_fields not wired to saver for docs.v_data_model_fields; ci.data_node=build_docs_data_model_fields', 'node_name': 'd__docs__v_data_model_fields', 'table_key': 'docs.v_data_model_fields'}, {'kind': 'missing_saver', 'message': 'Dataset node d__docs__v_data_model_relationships not wired to saver for docs.v_data_model_relationships; ci.data_node=build_docs_data_model_relationships', 'node_name': 'd__docs__v_data_model_relationships', 'table_key': 'docs.v_data_model_relationships'}, {'kind': 'missing_saver', 'message': 'Dataset node d__docs__v_data_model_usage not wired to saver for docs.v_data_model_usage; ci.data_node=build_docs_data_model_usage', 'node_name': 'd__docs__v_data_model_usage', 'table_key': 'docs.v_data_model_usage'}, {'kind': 'missing_saver', 'message': 'Dataset node d__docs__v_data_models not wired to saver for docs.v_data_models; ci.data_node=build_docs_data_models', 'node_name': 'd__docs__v_data_models', 'table_key': 'docs.v_data_models'}, {'kind': 'missing_saver', 'message': 'Dataset node d__docs__v_data_models_normalized not wired to saver for docs.v_data_models_normalized; ci.data_node=build_docs_data_models_normalized', 'node_name': 'd__docs__v_data_models_normalized', 'table_key': 'docs.v_data_models_normalized'}, {'kind': 'missing_saver', 'message': 'Dataset node d__docs__v_dfg_block_architecture not wired to saver for docs.v_dfg_block_architecture; ci.data_node=build_docs_dfg_block_architecture', 'node_name': 'd__docs__v_dfg_block_architecture', 'table_key': 'docs.v_dfg_block_architecture'}, {'kind': 'missing_saver', 'message': 'Dataset node d__docs__v_entrypoints not wired to saver for docs.v_entrypoints; ci.data_node=build_docs_entrypoints', 'node_name': 'd__docs__v_entrypoints', 'table_key': 'docs.v_entrypoints'}, {'kind': 'missing_saver', 'message': 'Dataset node d__docs__v_external_dependencies not wired to saver for docs.v_external_dependencies; ci.data_node=build_docs_external_dependencies', 'node_name': 'd__docs__v_external_dependencies', 'table_key': 'docs.v_external_dependencies'}, {'kind': 'missing_saver', 'message': 'Dataset node d__docs__v_external_dependency_calls not wired to saver for docs.v_external_dependency_calls; ci.data_node=build_docs_external_dependency_calls', 'node_name': 'd__docs__v_external_dependency_calls', 'table_key': 'docs.v_external_dependency_calls'}, {'kind': 'missing_saver', 'message': 'Dataset node d__docs__v_file_summary not wired to saver for docs.v_file_summary; ci.data_node=build_docs_file_summary', 'node_name': 'd__docs__v_file_summary', 'table_key': 'docs.v_file_summary'}, {'kind': 'missing_saver', 'message': 'Dataset node d__docs__v_function_architecture not wired to saver for docs.v_function_architecture; ci.data_node=build_docs_function_architecture', 'node_name': 'd__docs__v_function_architecture', 'table_key': 'docs.v_function_architecture'}, {'kind': 'missing_saver', 'message': 'Dataset node d__docs__v_function_history not wired to saver for docs.v_function_history; ci.data_node=build_docs_function_history', 'node_name': 'd__docs__v_function_history', 'table_key': 'docs.v_function_history'}, {'kind': 'missing_saver', 'message': 'Dataset node d__docs__v_function_history_timeseries not wired to saver for docs.v_function_history_timeseries; ci.data_node=build_docs_function_history_timeseries', 'node_name': 'd__docs__v_function_history_timeseries', 'table_key': 'docs.v_function_history_timeseries'}, {'kind': 'missing_saver', 'message': 'Dataset node d__docs__v_ide_hints not wired to saver for docs.v_ide_hints; ci.data_node=build_docs_ide_hints', 'node_name': 'd__docs__v_ide_hints', 'table_key': 'docs.v_ide_hints'}, {'kind': 'missing_saver', 'message': 'Dataset node d__docs__v_module_architecture not wired to saver for docs.v_module_architecture; ci.data_node=build_docs_module_architecture', 'node_name': 'd__docs__v_module_architecture', 'table_key': 'docs.v_module_architecture'}, {'kind': 'missing_saver', 'message': 'Dataset node d__docs__v_module_architecture_full not wired to saver for docs.v_module_architecture_full; ci.data_node=build_docs_module_architecture_full', 'node_name': 'd__docs__v_module_architecture_full', 'table_key': 'docs.v_module_architecture_full'}, {'kind': 'missing_saver', 'message': 'Dataset node d__docs__v_module_history_timeseries not wired to saver for docs.v_module_history_timeseries; ci.data_node=build_docs_module_history_timeseries', 'node_name': 'd__docs__v_module_history_timeseries', 'table_key': 'docs.v_module_history_timeseries'}, {'kind': 'missing_saver', 'message': 'Dataset node d__docs__v_module_with_subsystem not wired to saver for docs.v_module_with_subsystem; ci.data_node=build_docs_module_with_subsystem', 'node_name': 'd__docs__v_module_with_subsystem', 'table_key': 'docs.v_module_with_subsystem'}, {'kind': 'missing_saver', 'message': 'Dataset node d__docs__v_subsystem_agreement not wired to saver for docs.v_subsystem_agreement; ci.data_node=build_docs_subsystem_agreement', 'node_name': 'd__docs__v_subsystem_agreement', 'table_key': 'docs.v_subsystem_agreement'}, {'kind': 'missing_saver', 'message': 'Dataset node d__docs__v_subsystem_profile not wired to saver for docs.v_subsystem_profile; ci.data_node=build_docs_subsystem_profile', 'node_name': 'd__docs__v_subsystem_profile', 'table_key': 'docs.v_subsystem_profile'}, {'kind': 'missing_saver', 'message': 'Dataset node d__docs__v_subsystem_summary not wired to saver for docs.v_subsystem_summary; ci.data_node=build_docs_subsystem_summary', 'node_name': 'd__docs__v_subsystem_summary', 'table_key': 'docs.v_subsystem_summary'}, {'kind': 'missing_saver', 'message': 'Dataset node d__docs__v_symbol_module_graph not wired to saver for docs.v_symbol_module_graph; ci.data_node=build_docs_symbol_module_graph', 'node_name': 'd__docs__v_symbol_module_graph', 'table_key': 'docs.v_symbol_module_graph'}, {'kind': 'missing_saver', 'message': 'Dataset node d__docs__v_test_architecture not wired to saver for docs.v_test_architecture; ci.data_node=build_docs_test_architecture', 'node_name': 'd__docs__v_test_architecture', 'table_key': 'docs.v_test_architecture'}, {'kind': 'missing_saver', 'message': 'Dataset node d__docs__v_test_to_function not wired to saver for docs.v_test_to_function; ci.data_node=build_docs_test_to_function', 'node_name': 'd__docs__v_test_to_function', 'table_key': 'docs.v_test_to_function'}, {'kind': 'missing_saver', 'message': 'Dataset node d__docs__v_validation_summary not wired to saver for docs.v_validation_summary; ci.data_node=build_docs_validation_summary', 'node_name': 'd__docs__v_validation_summary', 'table_key': 'docs.v_validation_summary'}, {'kind': 'missing_saver', 'message': 'Dataset node d__graph__call_graph_edges not wired to saver for graph.call_graph_edges; ci.data_node=call_graph__edges_table', 'node_name': 'd__graph__call_graph_edges', 'table_key': 'graph.call_graph_edges'}, {'kind': 'missing_saver', 'message': 'Dataset node d__graph__call_graph_nodes not wired to saver for graph.call_graph_nodes; ci.data_node=call_graph__nodes_table', 'node_name': 'd__graph__call_graph_nodes', 'table_key': 'graph.call_graph_nodes'}, {'kind': 'missing_saver', 'message': 'Dataset node d__graph__cdg_edges not wired to saver for graph.cdg_edges; ci.data_node=cdg__edges_table', 'node_name': 'd__graph__cdg_edges', 'table_key': 'graph.cdg_edges'}, {'kind': 'missing_saver', 'message': 'Dataset node d__graph__cfg_blocks not wired to saver for graph.cfg_blocks; ci.data_node=cfg__blocks_table', 'node_name': 'd__graph__cfg_blocks', 'table_key': 'graph.cfg_blocks'}, {'kind': 'missing_saver', 'message': 'Dataset node d__graph__cfg_edges not wired to saver for graph.cfg_edges; ci.data_node=cfg__edges_table', 'node_name': 'd__graph__cfg_edges', 'table_key': 'graph.cfg_edges'}, {'kind': 'missing_saver', 'message': 'Dataset node d__graph__cpg_call_targets not wired to saver for graph.cpg_call_targets; ci.data_node=call_wiring__call_targets_table', 'node_name': 'd__graph__cpg_call_targets', 'table_key': 'graph.cpg_call_targets'}, {'kind': 'missing_saver', 'message': 'Dataset node d__graph__cpg_edges not wired to saver for graph.cpg_edges; ci.data_node=cpg__edges_table', 'node_name': 'd__graph__cpg_edges', 'table_key': 'graph.cpg_edges'}, {'kind': 'missing_saver', 'message': 'Dataset node d__graph__cpg_edges_arg_to_param not wired to saver for graph.cpg_edges_arg_to_param; ci.data_node=call_wiring__edges_arg_to_param_table', 'node_name': 'd__graph__cpg_edges_arg_to_param', 'table_key': 'graph.cpg_edges_arg_to_param'}, {'kind': 'missing_saver', 'message': 'Dataset node d__graph__cpg_edges_calls not wired to saver for graph.cpg_edges_calls; ci.data_node=call_wiring__edges_calls_table', 'node_name': 'd__graph__cpg_edges_calls', 'table_key': 'graph.cpg_edges_calls'}, {'kind': 'missing_saver', 'message': 'Dataset node d__graph__cpg_edges_ret_to_call not wired to saver for graph.cpg_edges_ret_to_call; ci.data_node=call_wiring__edges_ret_to_call_table', 'node_name': 'd__graph__cpg_edges_ret_to_call', 'table_key': 'graph.cpg_edges_ret_to_call'}, {'kind': 'missing_saver', 'message': 'Dataset node d__graph__cpg_nodes not wired to saver for graph.cpg_nodes; ci.data_node=cpg__nodes_table', 'node_name': 'd__graph__cpg_nodes', 'table_key': 'graph.cpg_nodes'}, {'kind': 'missing_saver', 'message': 'Dataset node d__graph__dfg_edges not wired to saver for graph.dfg_edges; ci.data_node=dfg__edges_table', 'node_name': 'd__graph__dfg_edges', 'table_key': 'graph.dfg_edges'}, {'kind': 'missing_saver', 'message': 'Dataset node d__graph__import_graph_edges not wired to saver for graph.import_graph_edges; ci.data_node=import_graph__edges_table', 'node_name': 'd__graph__import_graph_edges', 'table_key': 'graph.import_graph_edges'}, {'kind': 'missing_saver', 'message': 'Dataset node d__graph__import_modules not wired to saver for graph.import_modules; ci.data_node=import_graph__modules_table', 'node_name': 'd__graph__import_modules', 'table_key': 'graph.import_modules'}, {'kind': 'missing_saver', 'message': 'Dataset node d__graph__pdg_edges not wired to saver for graph.pdg_edges; ci.data_node=pdg__edges_table', 'node_name': 'd__graph__pdg_edges', 'table_key': 'graph.pdg_edges'}, {'kind': 'missing_saver', 'message': 'Dataset node d__graph__symbol_use_edges not wired to saver for graph.symbol_use_edges; ci.data_node=symbol_use_edges__table', 'node_name': 'd__graph__symbol_use_edges', 'table_key': 'graph.symbol_use_edges'}, {'kind': 'missing_saver', 'message': 'Dataset node d__graph__v_call_graph_degree not wired to saver for graph.v_call_graph_degree; ci.data_node=build_callgraph_degree', 'node_name': 'd__graph__v_call_graph_degree', 'table_key': 'graph.v_call_graph_degree'}, {'kind': 'missing_saver', 'message': 'Dataset node d__graph__v_import_graph_degree not wired to saver for graph.v_import_graph_degree; ci.data_node=build_import_graph_degree', 'node_name': 'd__graph__v_import_graph_degree', 'table_key': 'graph.v_import_graph_degree'})
Failed to export traces to localhost:4317, error code: StatusCode.UNAVAILABLE
Transient error StatusCode.UNAVAILABLE encountered while exporting traces to localhost:4317, retrying in 1.04s.
Failed to export metrics to localhost:4317, error code: StatusCode.UNAVAILABLE
Transient error StatusCode.UNAVAILABLE encountered while exporting traces to localhost:4317, retrying in 3.56s.
Failed to export traces to localhost:4317, error code: StatusCode.UNAVAILABLE
Transient error StatusCode.UNAVAILABLE encountered while exporting metrics to localhost:4317, retrying in 0.85s.
Failed to export metrics to localhost:4317, error code: StatusCode.UNAVAILABLE
{"timestamp":"2026-01-04 05:39:04,092","level":"WARNING","logger":"codeintel.cli.handlers.build","message":"build.shutdown {\"active_thread_names\": [\"MainThread\", \"OtelBatchSpanRecordProcessor\", \"OtelPeriodicExportingMetricReader\", \"pl_col_batch__0\"], \"active_threads_count\": 4, \"cli_command\": \"BuildRunCommand\", \"cli_error_type\": null, \"cli_exit_code\": 0, \"cli_invocation_id\": \"56c1428f2f504f77a73330def8406590\", \"cli_is_parse_error\": false, \"commit\": \"3c5af2164daa028b369ed5d8f6a460dc1b2f085d\", \"component\": \"build\", \"decision_trace_artifact\": null, \"decision_trace_path\": null, \"domain\": null, \"duration_ms\": 61488.457625033334, \"event\": \"build.shutdown\", \"operation\": \"shutdown\", \"pending_task_samples\": [], \"pending_tasks_count\": null, \"repo\": \"github.com/paul-heyse/CodeIntel\", \"run_id\": \"hamilton-019b8896148b7c078c8de2afcb2aabdc\", \"schema_inference_errors_count\": 3, \"shutdown_status\": \"partial\", \"subprocess_count\": 0, \"subprocess_samples\": [], \"targets\": [\"ast\", \"bytecode\", \"call_graph\", \"call_wiring\", \"cdg\", \"cfg\", \"cfg_dfg_metrics\", \"ci_plan\", \"config_data_flow\", \"config_graph_metrics\", \"config_ingest\", \"cpg\", \"cst\", \"data_model_usage\", \"data_models\", \"decision_trace\", \"dfg\", \"docstrings\", \"entrypoints\", \"export_jsonl\", \"export_parquet\", \"external_deps\", \"file_line_index\", \"function_ast_features\", \"function_contracts\", \"function_effects\", \"function_types\", \"function_validation\", \"goids\", \"graph_metrics\", \"graph_metrics_ext\", \"graph_stats\", \"graph_validation\", \"import_graph\", \"inspect\", \"modules\", \"pdg\", \"py_cpg_quality_report\", \"scip\", \"scip_proto\", \"scip_resolution\", \"semantic_roles\", \"serving_artifacts\", \"subsystem_agreement\", \"subsystem_caches\", \"subsystem_graph_metrics\", \"subsystems\", \"symbol_graph_metrics\", \"symbol_uses\", \"symtable\", \"syntax_augment\", \"syntax_enrich\", \"syntax_index\", \"tests_ingest\", \"tree_sitter_index\", \"typing\", \"views\"], \"telemetry_flush_ms\": 18352.863542037085, \"telemetry_flush_ok\": true, \"validation_issue_count\": null, \"validation_mode\": \"lenient\"}","trace_id":"7fad4b77cff4cbfbab80bf5efe8f624d","span_id":"8458e4971075c404"}
{"timestamp":"2026-01-04 05:39:04,092","level":"WARNING","logger":"codeintel.cli.handlers.build","message":"build.shutdown {\"active_thread_names\": [\"MainThread\", \"OtelBatchSpanRecordProcessor\", \"OtelPeriodicExportingMetricReader\", \"pl_col_batch__0\"], \"active_threads_count\": 4, \"cli_command\": \"BuildRunCommand\", \"cli_error_type\": null, \"cli_exit_code\": 0, \"cli_invocation_id\": \"56c1428f2f504f77a73330def8406590\", \"cli_is_parse_error\": false, \"commit\": \"3c5af2164daa028b369ed5d8f6a460dc1b2f085d\", \"component\": \"build\", \"decision_trace_artifact\": null, \"decision_trace_path\": null, \"domain\": null, \"duration_ms\": 61488.457625033334, \"event\": \"build.shutdown\", \"operation\": \"shutdown\", \"pending_task_samples\": [], \"pending_tasks_count\": null, \"repo\": \"github.com/paul-heyse/CodeIntel\", \"run_id\": \"hamilton-019b8896148b7c078c8de2afcb2aabdc\", \"schema_inference_errors_count\": 3, \"shutdown_status\": \"partial\", \"subprocess_count\": 0, \"subprocess_samples\": [], \"targets\": [\"ast\", \"bytecode\", \"call_graph\", \"call_wiring\", \"cdg\", \"cfg\", \"cfg_dfg_metrics\", \"ci_plan\", \"config_data_flow\", \"config_graph_metrics\", \"config_ingest\", \"cpg\", \"cst\", \"data_model_usage\", \"data_models\", \"decision_trace\", \"dfg\", \"docstrings\", \"entrypoints\", \"export_jsonl\", \"export_parquet\", \"external_deps\", \"file_line_index\", \"function_ast_features\", \"function_contracts\", \"function_effects\", \"function_types\", \"function_validation\", \"goids\", \"graph_metrics\", \"graph_metrics_ext\", \"graph_stats\", \"graph_validation\", \"import_graph\", \"inspect\", \"modules\", \"pdg\", \"py_cpg_quality_report\", \"scip\", \"scip_proto\", \"scip_resolution\", \"semantic_roles\", \"serving_artifacts\", \"subsystem_agreement\", \"subsystem_caches\", \"subsystem_graph_metrics\", \"subsystems\", \"symbol_graph_metrics\", \"symbol_uses\", \"symtable\", \"syntax_augment\", \"syntax_enrich\", \"syntax_index\", \"tests_ingest\", \"tree_sitter_index\", \"typing\", \"views\"], \"telemetry_flush_ms\": 18352.863542037085, \"telemetry_flush_ok\": true, \"validation_issue_count\": null, \"validation_mode\": \"lenient\"}","trace_id":"7fad4b77cff4cbfbab80bf5efe8f624d","span_id":"8458e4971075c404"}
Transient error StatusCode.UNAVAILABLE encountered while exporting traces to localhost:4317, retrying in 0.98s.
Failed to export traces to localhost:4317, error code: StatusCode.UNAVAILABLE
Transient error StatusCode.UNAVAILABLE encountered while exporting metrics to localhost:4317, retrying in 3.34s.
telemetry.flush {"errors": ["tracer:shutdown-timeout", "meter:shutdown-timeout"], "event": "telemetry.flush", "telemetry.flush.ms": 10022.239457815886, "telemetry.flush.ok": false}
executed: []
skipped: []
failed: ['ast', 'bytecode', 'call_graph', 'call_wiring', 'cdg', 'cfg', 'cfg_dfg_metrics', 'ci_plan', 'config_data_flow', 'config_graph_metrics', 'config_ingest', 'cpg', 'cst', 'data_model_usage', 'data_models', 'decision_trace', 'dfg', 'docstrings', 'entrypoints', 'export_jsonl', 'export_parquet', 'external_deps', 'file_line_index', 'function_ast_features', 'function_contracts', 'function_effects', 'function_types', 'function_validation', 'goids', 'graph_metrics', 'graph_metrics_ext', 'graph_stats', 'graph_validation', 'import_graph', 'inspect', 'modules', 'pdg', 'py_cpg_quality_report', 'scip', 'scip_proto', 'scip_resolution', 'semantic_roles', 'serving_artifacts', 'subsystem_agreement', 'subsystem_caches', 'subsystem_graph_metrics', 'subsystems', 'symbol_graph_metrics', 'symbol_uses', 'symtable', 'syntax_augment', 'syntax_enrich', 'syntax_index', 'tests_ingest', 'tree_sitter_index', 'typing', 'views']
duration_seconds: 11.699010333046317
shutdown can only be called once
