2026-01-06 02:55:15,907 WARNING py.warnings /Users/paulheyse/CodeIntel/CodeIntel/.venv/lib/python3.13/site-packages/hamilton/graph_types.py:73: DeprecationWarning: ast.Str is deprecated and will be removed in Python 3.14; use ast.Constant instead
  if not hasattr(n.body[0], "value") or not isinstance(n.body[0].value, ast.Str):

2026-01-06 02:55:17,359 WARNING py.warnings /Users/paulheyse/CodeIntel/CodeIntel/.venv/lib/python3.13/site-packages/hamilton/io/utils.py:51: DeprecationWarning: datetime.datetime.utcnow() is deprecated and scheduled for removal in a future version. Use timezone-aware objects to represent datetimes in UTC: datetime.datetime.now(datetime.UTC).
  timestamp = datetime.now().utcnow().timestamp()

2026-01-06 02:55:22,980 WARNING codeintel.build.hamilton.native.ingestion.ingest_targets Config parse warning: Failed to parse config/mkdocs.yml
2026-01-06 02:55:22,980 WARNING codeintel.build.hamilton.native.ingestion.ingest_targets Config parse warning: Failed to parse .uv/cache/archive-v0/PF3PuIZ-jYDxEBRpjMkbi/markdown_it/port.yaml
2026-01-06 02:55:22,981 WARNING codeintel.build.hamilton.native.ingestion.ingest_targets Config parse warning: Failed to parse .uv/cache/archive-v0/u1TPF7g7VU5DysH2bCbj7/pycparser/_c_ast.cfg
2026-01-06 02:55:23,058 WARNING codeintel.build.graphs.engine.datasets Dataset columns missing: repo, commit (table=goid_h128: decimal128(38, 0)
urn: string
rel_path: string
language: dictionary<values=string, indices=int32, ordered=0>
kind: dictionary<values=string, indices=int32, ordered=0>
qualname: string
start_line: int32
end_line: int32
created_at: timestamp[us]
-- schema metadata --
codeintel.table_key: 'core.goids'
codeintel.domain: 'core'
codeintel.target: 'goids'
codeintel.schema_hash: '3e866ab4b566a5a63db836dfcef10e4623895bf233be26553' + 15
codeintel.schema_digest: '92995b2ab6ed56c8ea06891ac93dab4a079362fb1580894' + 17
codeintel.settings_fingerprint: 'd084197d240ab41f2f8aaf3f4fba09c61eddb74e' + 24
codeintel.columns_json: '{"commit":"VARCHAR","created_at":"TIMESTAMP","en' + 182
codeintel.nullability_json: '{"commit":false,"created_at":false,"end_line' + 132
codeintel.primary_keys_json: '["goid_h128"]'
codeintel.partition_columns_json: '["repo","commit"]'
codeintel.build_id: 'full-019b91daadcd7bcc8050aa1239da4511'
codeintel.repo: 'github.com/paul-heyse/CodeIntel'
codeintel.commit: '5f11b68cef658a75b3a334a76190824f9269c165'
codeintel.snapshot_id: '5f11b68cef658a75b3a334a76190824f9269c165'
codeintel.generated_at: '2026-01-06T06:05:19.737713+00:00'
codeintel.hamilton.node: 'm__core__goids'
codeintel.hamilton.graph_version: '1'
codeintel.inputs_json: '[{"schema_hash":"4550f108a1b499e5204423153a39a416' + 177)
2026-01-06 02:55:23,059 WARNING codeintel.build.graphs.engine.datasets Dataset columns missing: repo, commit (table=module: string
path: string
language: dictionary<values=string, indices=int32, ordered=0>
tags: list<element: string>
  child 0, element: string
owners: list<element: string>
  child 0, element: string
row_hash: string
-- schema metadata --
codeintel.table_key: 'core.modules'
codeintel.domain: 'core'
codeintel.target: 'modules'
codeintel.schema_hash: '0592124aeac8a9f7e6394bb6d3ca93f11825577c60a16674d' + 15
codeintel.schema_digest: '7184be2a17869a97c64312df2655ff9d4fe50f806c3fa43' + 17
codeintel.settings_fingerprint: 'd084197d240ab41f2f8aaf3f4fba09c61eddb74e' + 24
codeintel.columns_json: '{"commit":"VARCHAR","language":"VARCHAR","module' + 115
codeintel.nullability_json: '{"commit":true,"language":true,"module":fals' + 69
codeintel.primary_keys_json: '["module","path"]'
codeintel.partition_columns_json: '["repo","commit"]'
codeintel.build_id: 'full-019b92486e81758c829c59e40ec2581e'
codeintel.repo: 'github.com/paul-heyse/CodeIntel'
codeintel.commit: '5f11b68cef658a75b3a334a76190824f9269c165'
codeintel.snapshot_id: '5f11b68cef658a75b3a334a76190824f9269c165'
codeintel.generated_at: '2026-01-06T07:49:49.605997+00:00'
codeintel.hamilton.node: 'm__core__modules'
codeintel.hamilton.graph_version: '1'
codeintel.inputs_json: '[{"schema_hash":"a9f3e2aa045eeea7e23361593e0b0a1d' + 286)
2026-01-06 02:55:23,067 WARNING codeintel.build.graphs.engine.datasets Dataset columns missing: repo, commit (table=goid_h128: decimal128(38, 0)
urn: string
rel_path: string
language: dictionary<values=string, indices=int32, ordered=0>
kind: dictionary<values=string, indices=int32, ordered=0>
qualname: string
start_line: int32
end_line: int32
created_at: timestamp[us]
-- schema metadata --
codeintel.table_key: 'core.goids'
codeintel.domain: 'core'
codeintel.target: 'goids'
codeintel.schema_hash: '3e866ab4b566a5a63db836dfcef10e4623895bf233be26553' + 15
codeintel.schema_digest: '92995b2ab6ed56c8ea06891ac93dab4a079362fb1580894' + 17
codeintel.settings_fingerprint: 'd084197d240ab41f2f8aaf3f4fba09c61eddb74e' + 24
codeintel.columns_json: '{"commit":"VARCHAR","created_at":"TIMESTAMP","en' + 182
codeintel.nullability_json: '{"commit":false,"created_at":false,"end_line' + 132
codeintel.primary_keys_json: '["goid_h128"]'
codeintel.partition_columns_json: '["repo","commit"]'
codeintel.build_id: 'full-019b91daadcd7bcc8050aa1239da4511'
codeintel.repo: 'github.com/paul-heyse/CodeIntel'
codeintel.commit: '5f11b68cef658a75b3a334a76190824f9269c165'
codeintel.snapshot_id: '5f11b68cef658a75b3a334a76190824f9269c165'
codeintel.generated_at: '2026-01-06T06:05:19.737713+00:00'
codeintel.hamilton.node: 'm__core__goids'
codeintel.hamilton.graph_version: '1'
codeintel.inputs_json: '[{"schema_hash":"4550f108a1b499e5204423153a39a416' + 177)
2026-01-06 02:55:25,715 WARNING codeintel.build.graphs.validation.runner Validation: 2364 isolated call graph node(s) (sample: 54229508676810237757852005866899728854, 65369651026670722044121540749252417629, 67396147505915419402991450161026687459, 81821712742756558443914674762054197669, 79096178072384228730265374375759561295)
2026-01-06 02:55:25,719 WARNING codeintel.build.graphs.validation.runner Validation: 5 recursive call cluster(s) detected (largest size 31)
2026-01-06 02:55:25,744 WARNING codeintel.build.graphs.validation.runner Validation: 5 import graph hub(s) (sample: __future__, collections.abc, dataclasses, pathlib, typing)
2026-01-06 02:55:25,778 WARNING codeintel.build.graphs.engine.datasets Dataset columns missing: repo, commit (table=module: string
path: string
language: dictionary<values=string, indices=int32, ordered=0>
tags: list<element: string>
  child 0, element: string
owners: list<element: string>
  child 0, element: string
row_hash: string
-- schema metadata --
codeintel.table_key: 'core.modules'
codeintel.domain: 'core'
codeintel.target: 'modules'
codeintel.schema_hash: '0592124aeac8a9f7e6394bb6d3ca93f11825577c60a16674d' + 15
codeintel.schema_digest: '7184be2a17869a97c64312df2655ff9d4fe50f806c3fa43' + 17
codeintel.settings_fingerprint: 'd084197d240ab41f2f8aaf3f4fba09c61eddb74e' + 24
codeintel.columns_json: '{"commit":"VARCHAR","language":"VARCHAR","module' + 115
codeintel.nullability_json: '{"commit":true,"language":true,"module":fals' + 69
codeintel.primary_keys_json: '["module","path"]'
codeintel.partition_columns_json: '["repo","commit"]'
codeintel.build_id: 'full-019b92486e81758c829c59e40ec2581e'
codeintel.repo: 'github.com/paul-heyse/CodeIntel'
codeintel.commit: '5f11b68cef658a75b3a334a76190824f9269c165'
codeintel.snapshot_id: '5f11b68cef658a75b3a334a76190824f9269c165'
codeintel.generated_at: '2026-01-06T07:49:49.605997+00:00'
codeintel.hamilton.node: 'm__core__modules'
codeintel.hamilton.graph_version: '1'
codeintel.inputs_json: '[{"schema_hash":"a9f3e2aa045eeea7e23361593e0b0a1d' + 286)
2026-01-06 02:55:25,779 WARNING codeintel.build.graphs.engine.datasets Dataset columns missing: repo, commit (table=module: string
path: string
language: dictionary<values=string, indices=int32, ordered=0>
tags: list<element: string>
  child 0, element: string
owners: list<element: string>
  child 0, element: string
row_hash: string
-- schema metadata --
codeintel.table_key: 'core.modules'
codeintel.domain: 'core'
codeintel.target: 'modules'
codeintel.schema_hash: '0592124aeac8a9f7e6394bb6d3ca93f11825577c60a16674d' + 15
codeintel.schema_digest: '7184be2a17869a97c64312df2655ff9d4fe50f806c3fa43' + 17
codeintel.settings_fingerprint: 'd084197d240ab41f2f8aaf3f4fba09c61eddb74e' + 24
codeintel.columns_json: '{"commit":"VARCHAR","language":"VARCHAR","module' + 115
codeintel.nullability_json: '{"commit":true,"language":true,"module":fals' + 69
codeintel.primary_keys_json: '["module","path"]'
codeintel.partition_columns_json: '["repo","commit"]'
codeintel.build_id: 'full-019b92486e81758c829c59e40ec2581e'
codeintel.repo: 'github.com/paul-heyse/CodeIntel'
codeintel.commit: '5f11b68cef658a75b3a334a76190824f9269c165'
codeintel.snapshot_id: '5f11b68cef658a75b3a334a76190824f9269c165'
codeintel.generated_at: '2026-01-06T07:49:49.605997+00:00'
codeintel.hamilton.node: 'm__core__modules'
codeintel.hamilton.graph_version: '1'
codeintel.inputs_json: '[{"schema_hash":"a9f3e2aa045eeea7e23361593e0b0a1d' + 286)
2026-01-06 02:55:25,781 WARNING codeintel.build.graphs.engine.datasets Dataset columns missing: repo, commit (table=module: string
symbol_betweenness: double
symbol_closeness: double
symbol_eigenvector: double
symbol_harmonic: double
symbol_k_core: int32
symbol_constraint: double
symbol_effective_size: double
symbol_community_id: int32
symbol_component_id: int32
symbol_component_size: int32
created_at: timestamp[us]
-- schema metadata --
codeintel.table_key: 'analytics.symbol_graph_metrics_modules'
codeintel.domain: 'analytics'
codeintel.target: 'symbol_graph_metrics'
codeintel.schema_hash: 'ec5b4ee870996ca9df31c81073143673ba5c3f17823bbb165' + 15
codeintel.schema_digest: '07430f2b303c0cc34af644278e1533f01f12e34e84ab6e6' + 17
codeintel.settings_fingerprint: 'd084197d240ab41f2f8aaf3f4fba09c61eddb74e' + 24
codeintel.columns_json: '{"commit":"VARCHAR","created_at":"TIMESTAMP","mo' + 334
codeintel.nullability_json: '{"commit":false,"created_at":false,"module":' + 276
codeintel.primary_keys_json: '["repo","commit","module"]'
codeintel.partition_columns_json: '["repo","commit"]'
codeintel.build_id: 'full-019b91daadcd7bcc8050aa1239da4511'
codeintel.repo: 'github.com/paul-heyse/CodeIntel'
codeintel.commit: '5f11b68cef658a75b3a334a76190824f9269c165'
codeintel.snapshot_id: '5f11b68cef658a75b3a334a76190824f9269c165'
codeintel.generated_at: '2026-01-06T06:06:06.194276+00:00'
codeintel.hamilton.node: 'm__analytics__symbol_graph_metrics_modules'
codeintel.hamilton.graph_version: '1'
codeintel.inputs_json: '[{"schema_hash":"9317af8a1adbbd1f3fe06084b8e7e8d6' + 226)
2026-01-06 02:55:25,783 WARNING codeintel.build.graphs.engine.datasets Dataset columns missing: repo, commit (table=module: string
subsystem_id: string
import_community_id: int32
agrees: bool
created_at: timestamp[us]
-- schema metadata --
codeintel.table_key: 'analytics.subsystem_agreement'
codeintel.domain: 'analytics'
codeintel.target: 'subsystem_agreement'
codeintel.schema_hash: '99dc1fdbac049b68801f872ef03e24acc95b6a88423fd322a' + 15
codeintel.schema_digest: '5fdf28d84a3482f50b32f9f44cf9e80053ae7ec7c935785' + 17
codeintel.settings_fingerprint: 'd084197d240ab41f2f8aaf3f4fba09c61eddb74e' + 24
codeintel.columns_json: '{"agrees":"BOOLEAN","commit":"VARCHAR","created_' + 109
codeintel.nullability_json: '{"agrees":true,"commit":false,"created_at":f' + 80
codeintel.primary_keys_json: '["repo","commit","module"]'
codeintel.partition_columns_json: '["repo","commit"]'
codeintel.build_id: 'full-019b91daadcd7bcc8050aa1239da4511'
codeintel.repo: 'github.com/paul-heyse/CodeIntel'
codeintel.commit: '5f11b68cef658a75b3a334a76190824f9269c165'
codeintel.snapshot_id: '5f11b68cef658a75b3a334a76190824f9269c165'
codeintel.generated_at: '2026-01-06T06:05:51.352153+00:00'
codeintel.hamilton.node: 'm__analytics__subsystem_agreement'
codeintel.hamilton.graph_version: '1'
codeintel.inputs_json: '[{"schema_hash":"99dc1fdbac049b68801f872ef03e24ac' + 79)
2026-01-06 02:55:26,287 WARNING codeintel.build.hamilton.native.ingestion.ingest_targets Falling back to filesystem module scan after empty storage query.
2026-01-06 03:02:21,585 WARNING codeintel.core.compute.centrality Eigenvector centrality did not converge; returning zeros
2026-01-06 03:02:21,685 WARNING codeintel.core.compute.centrality Eigenvector centrality did not converge; returning zeros
2026-01-06 03:02:21,732 WARNING codeintel.core.compute.centrality Eigenvector centrality did not converge; returning zeros
2026-01-06 03:02:21,734 WARNING codeintel.core.compute.centrality Eigenvector centrality did not converge; returning zeros
2026-01-06 03:02:22,561 WARNING codeintel.core.compute.centrality Eigenvector centrality did not converge; returning zeros
2026-01-06 03:02:22,984 WARNING codeintel.core.compute.centrality Eigenvector centrality did not converge; returning zeros
2026-01-06 03:02:23,867 WARNING codeintel.core.compute.centrality Eigenvector centrality did not converge; returning zeros
2026-01-06 03:02:23,921 WARNING codeintel.core.compute.centrality Eigenvector centrality did not converge; returning zeros
2026-01-06 03:02:24,704 WARNING codeintel.core.compute.centrality Eigenvector centrality did not converge; returning zeros
2026-01-06 03:02:24,774 WARNING codeintel.core.compute.centrality Eigenvector centrality did not converge; returning zeros
2026-01-06 03:02:25,090 WARNING codeintel.core.compute.centrality Eigenvector centrality did not converge; returning zeros
2026-01-06 03:02:25,257 WARNING codeintel.core.compute.centrality Eigenvector centrality did not converge; returning zeros
2026-01-06 03:02:25,390 WARNING codeintel.core.compute.centrality Eigenvector centrality did not converge; returning zeros
2026-01-06 03:02:25,781 WARNING codeintel.core.compute.centrality Eigenvector centrality did not converge; returning zeros
2026-01-06 03:02:27,435 WARNING codeintel.core.compute.centrality Eigenvector centrality did not converge; returning zeros
2026-01-06 03:02:42,719 WARNING py.warnings /Users/paulheyse/CodeIntel/CodeIntel/src/codeintel/ingestion/tree_sitter/runner.py:479: DeprecationWarning: query() is deprecated. Use the Query() constructor instead.
  result = query_fn(source)

2026-01-06 03:02:55,225 WARNING codeintel.build.hamilton.native.ingestion.tree_sitter Tree-sitter indexing warning: Tree-sitter failed for src/codeintel/__init__.py: Invalid syntax at row 0, column 19
2026-01-06 03:02:55,225 WARNING codeintel.build.hamilton.native.ingestion.tree_sitter Tree-sitter indexing warning: Tree-sitter failed for src/codeintel/cli/__init__.py: Invalid syntax at row 0, column 19
2026-01-06 03:02:55,225 WARNING codeintel.build.hamilton.native.ingestion.tree_sitter Tree-sitter indexing warning: Tree-sitter failed for src/codeintel/cli/commands/__init__.py: Invalid syntax at row 0, column 19
2026-01-06 03:02:55,225 WARNING codeintel.build.hamilton.native.ingestion.tree_sitter Tree-sitter indexing warning: Tree-sitter failed for src/codeintel/cli/commands/_common.py: Invalid syntax at row 0, column 19
2026-01-06 03:02:55,225 WARNING codeintel.build.hamilton.native.ingestion.tree_sitter Tree-sitter indexing warning: Tree-sitter failed for src/codeintel/cli/commands/_help.py: Invalid syntax at row 0, column 19
2026-01-06 03:02:55,225 WARNING codeintel.build.hamilton.native.ingestion.tree_sitter Tree-sitter indexing warning: Tree-sitter failed for src/codeintel/cli/commands/app.py: Invalid syntax at row 0, column 19
2026-01-06 03:02:55,225 WARNING codeintel.build.hamilton.native.ingestion.tree_sitter Tree-sitter indexing warning: Tree-sitter failed for src/codeintel/cli/commands/build.py: Invalid syntax at row 0, column 19
2026-01-06 03:02:55,225 WARNING codeintel.build.hamilton.native.ingestion.tree_sitter Tree-sitter indexing warning: Tree-sitter failed for src/codeintel/cli/commands/build_schema.py: Invalid syntax at row 0, column 19
2026-01-06 03:02:55,225 WARNING codeintel.build.hamilton.native.ingestion.tree_sitter Tree-sitter indexing warning: Tree-sitter failed for src/codeintel/cli/commands/build_spec.py: Invalid syntax at row 0, column 19
2026-01-06 03:02:55,225 WARNING codeintel.build.hamilton.native.ingestion.tree_sitter Tree-sitter indexing warning: Tree-sitter failed for src/codeintel/cli/commands/completions.py: Invalid syntax at row 0, column 19
2026-01-06 03:02:55,225 WARNING codeintel.build.hamilton.native.ingestion.tree_sitter Tree-sitter indexing warning: Tree-sitter failed for src/codeintel/cli/commands/config.py: Invalid syntax at row 0, column 19
2026-01-06 03:02:55,225 WARNING codeintel.build.hamilton.native.ingestion.tree_sitter Tree-sitter indexing warning: Tree-sitter failed for src/codeintel/cli/commands/dataset_ops.py: Invalid syntax at row 0, column 19
2026-01-06 03:02:55,225 WARNING codeintel.build.hamilton.native.ingestion.tree_sitter Tree-sitter indexing warning: Tree-sitter failed for src/codeintel/cli/commands/datasets.py: Invalid syntax at row 0, column 19
2026-01-06 03:02:55,225 WARNING codeintel.build.hamilton.native.ingestion.tree_sitter Tree-sitter indexing warning: Tree-sitter failed for src/codeintel/cli/commands/decorators.py: Invalid syntax at row 0, column 19
2026-01-06 03:02:55,225 WARNING codeintel.build.hamilton.native.ingestion.tree_sitter Tree-sitter indexing warning: Tree-sitter failed for src/codeintel/cli/commands/docs.py: Invalid syntax at row 0, column 19
2026-01-06 03:02:55,225 WARNING codeintel.build.hamilton.native.ingestion.tree_sitter Tree-sitter indexing warning: Tree-sitter failed for src/codeintel/cli/commands/graphs.py: Invalid syntax at row 0, column 19
2026-01-06 03:02:55,225 WARNING codeintel.build.hamilton.native.ingestion.tree_sitter Tree-sitter indexing warning: Tree-sitter failed for src/codeintel/cli/commands/health.py: Invalid syntax at row 0, column 19
2026-01-06 03:02:55,225 WARNING codeintel.build.hamilton.native.ingestion.tree_sitter Tree-sitter indexing warning: Tree-sitter failed for src/codeintel/cli/commands/help_commands.py: Invalid syntax at row 0, column 19
2026-01-06 03:02:55,225 WARNING codeintel.build.hamilton.native.ingestion.tree_sitter Tree-sitter indexing warning: Tree-sitter failed for src/codeintel/cli/commands/jobs.py: Invalid syntax at row 0, column 19
2026-01-06 03:02:55,225 WARNING codeintel.build.hamilton.native.ingestion.tree_sitter Tree-sitter indexing warning: Tree-sitter failed for src/codeintel/cli/commands/meta.py: Invalid syntax at row 0, column 19
2026-01-06 03:02:55,225 WARNING codeintel.build.hamilton.native.ingestion.tree_sitter Tree-sitter indexing warning: Tree-sitter failed for src/codeintel/cli/commands/plugins.py: Invalid syntax at row 0, column 19
2026-01-06 03:02:55,225 WARNING codeintel.build.hamilton.native.ingestion.tree_sitter Tree-sitter indexing warning: Tree-sitter failed for src/codeintel/cli/commands/registry.py: Invalid syntax at row 0, column 19
2026-01-06 03:02:55,225 WARNING codeintel.build.hamilton.native.ingestion.tree_sitter Tree-sitter indexing warning: Tree-sitter failed for src/codeintel/cli/commands/semantic.py: Invalid syntax at row 0, column 19
2026-01-06 03:02:55,225 WARNING codeintel.build.hamilton.native.ingestion.tree_sitter Tree-sitter indexing warning: Tree-sitter failed for src/codeintel/cli/commands/serve.py: Invalid syntax at row 0, column 19
2026-01-06 03:02:55,225 WARNING codeintel.build.hamilton.native.ingestion.tree_sitter Tree-sitter indexing warning: Tree-sitter failed for src/codeintel/cli/commands/storage.py: Invalid syntax at row 0, column 19
2026-01-06 03:02:55,225 WARNING codeintel.build.hamilton.native.ingestion.tree_sitter Tree-sitter indexing warning: Tree-sitter failed for src/codeintel/cli/commands/targets.py: Invalid syntax at row 0, column 19
2026-01-06 03:02:55,225 WARNING codeintel.build.hamilton.native.ingestion.tree_sitter Tree-sitter indexing warning: Tree-sitter failed for src/codeintel/cli/completions/__init__.py: Invalid syntax at row 0, column 19
2026-01-06 03:02:55,225 WARNING codeintel.build.hamilton.native.ingestion.tree_sitter Tree-sitter indexing warning: Tree-sitter failed for src/codeintel/cli/completions/bash_generator.py: Invalid syntax at row 0, column 19
2026-01-06 03:02:55,225 WARNING codeintel.build.hamilton.native.ingestion.tree_sitter Tree-sitter indexing warning: Tree-sitter failed for src/codeintel/cli/completions/completion_model.py: Invalid syntax at row 0, column 19
2026-01-06 03:02:55,225 WARNING codeintel.build.hamilton.native.ingestion.tree_sitter Tree-sitter indexing warning: Tree-sitter failed for src/codeintel/cli/completions/escaping.py: Invalid syntax at row 0, column 19
2026-01-06 03:02:55,225 WARNING codeintel.build.hamilton.native.ingestion.tree_sitter Tree-sitter indexing warning: Tree-sitter failed for src/codeintel/cli/completions/fish_generator.py: Invalid syntax at row 0, column 19
2026-01-06 03:02:55,225 WARNING codeintel.build.hamilton.native.ingestion.tree_sitter Tree-sitter indexing warning: Tree-sitter failed for src/codeintel/cli/completions/generator.py: Invalid syntax at row 0, column 19
2026-01-06 03:02:55,225 WARNING codeintel.build.hamilton.native.ingestion.tree_sitter Tree-sitter indexing warning: Tree-sitter failed for src/codeintel/cli/completions/powershell_generator.py: Invalid syntax at row 0, column 19
2026-01-06 03:02:55,225 WARNING codeintel.build.hamilton.native.ingestion.tree_sitter Tree-sitter indexing warning: Tree-sitter failed for src/codeintel/cli/completions/zsh_generator.py: Invalid syntax at row 0, column 19
2026-01-06 03:02:55,225 WARNING codeintel.build.hamilton.native.ingestion.tree_sitter Tree-sitter indexing warning: Tree-sitter failed for src/codeintel/cli/config/__init__.py: Invalid syntax at row 0, column 19
2026-01-06 03:02:55,226 WARNING codeintel.build.hamilton.native.ingestion.tree_sitter Tree-sitter indexing warning: Tree-sitter failed for src/codeintel/cli/config/env_vars.py: Invalid syntax at row 0, column 19
2026-01-06 03:02:55,226 WARNING codeintel.build.hamilton.native.ingestion.tree_sitter Tree-sitter indexing warning: Tree-sitter failed for src/codeintel/cli/config/loader.py: Invalid syntax at row 0, column 19
2026-01-06 03:02:55,226 WARNING codeintel.build.hamilton.native.ingestion.tree_sitter Tree-sitter indexing warning: Tree-sitter failed for src/codeintel/cli/config/model.py: Invalid syntax at row 0, column 19
2026-01-06 03:02:55,226 WARNING codeintel.build.hamilton.native.ingestion.tree_sitter Tree-sitter indexing warning: Tree-sitter failed for src/codeintel/cli/config/schema.py: Invalid syntax at row 0, column 19
2026-01-06 03:02:55,226 WARNING codeintel.build.hamilton.native.ingestion.tree_sitter Tree-sitter indexing warning: Tree-sitter failed for src/codeintel/cli/config/service.py: Invalid syntax at row 0, column 19
2026-01-06 03:02:55,226 WARNING codeintel.build.hamilton.native.ingestion.tree_sitter Tree-sitter indexing warning: Tree-sitter failed for src/codeintel/cli/config/validation.py: Invalid syntax at row 0, column 19
2026-01-06 03:02:55,226 WARNING codeintel.build.hamilton.native.ingestion.tree_sitter Tree-sitter indexing warning: Tree-sitter failed for src/codeintel/cli/context.py: Invalid syntax at row 0, column 19
2026-01-06 03:02:55,226 WARNING codeintel.build.hamilton.native.ingestion.tree_sitter Tree-sitter indexing warning: Tree-sitter failed for src/codeintel/cli/core/__init__.py: Invalid syntax at row 0, column 19
2026-01-06 03:02:55,226 WARNING codeintel.build.hamilton.native.ingestion.tree_sitter Tree-sitter indexing warning: Tree-sitter failed for src/codeintel/cli/core/columnar.py: Invalid syntax at row 0, column 19
2026-01-06 03:02:55,226 WARNING codeintel.build.hamilton.native.ingestion.tree_sitter Tree-sitter indexing warning: Tree-sitter failed for src/codeintel/cli/core/command.py: Invalid syntax at row 0, column 19
2026-01-06 03:02:55,226 WARNING codeintel.build.hamilton.native.ingestion.tree_sitter Tree-sitter indexing warning: Tree-sitter failed for src/codeintel/cli/core/parsing.py: Invalid syntax at row 0, column 19
2026-01-06 03:02:55,226 WARNING codeintel.build.hamilton.native.ingestion.tree_sitter Tree-sitter indexing warning: Tree-sitter failed for src/codeintel/cli/core/result_types.py: Invalid syntax at row 0, column 19
2026-01-06 03:02:55,226 WARNING codeintel.build.hamilton.native.ingestion.tree_sitter Tree-sitter indexing warning: Tree-sitter failed for src/codeintel/cli/core/results.py: Invalid syntax at row 0, column 19
2026-01-06 03:02:55,226 WARNING codeintel.build.hamilton.native.ingestion.tree_sitter Tree-sitter indexing warning: Tree-sitter failed for src/codeintel/cli/deps/__init__.py: Invalid syntax at row 0, column 19
2026-01-06 03:02:55,226 WARNING codeintel.build.hamilton.native.ingestion.tree_sitter Tree-sitter indexing warning: Tree-sitter failed for src/codeintel/cli/deps/protocols.py: Invalid syntax at row 0, column 19
2026-01-06 03:02:55,226 WARNING codeintel.build.hamilton.native.ingestion.tree_sitter Tree-sitter indexing warning: Tree-sitter failed for src/codeintel/cli/errors/__init__.py: Invalid syntax at row 0, column 19
2026-01-06 03:02:55,226 WARNING codeintel.build.hamilton.native.ingestion.tree_sitter Tree-sitter indexing warning: Tree-sitter failed for src/codeintel/cli/errors/_cli_errors.py: Invalid syntax at row 0, column 19
2026-01-06 03:02:55,226 WARNING codeintel.build.hamilton.native.ingestion.tree_sitter Tree-sitter indexing warning: Tree-sitter failed for src/codeintel/cli/errors/builder.py: Invalid syntax at row 0, column 19
2026-01-06 03:02:55,226 WARNING codeintel.build.hamilton.native.ingestion.tree_sitter Tree-sitter indexing warning: Tree-sitter failed for src/codeintel/cli/errors/results.py: Invalid syntax at row 0, column 19
2026-01-06 03:02:55,226 WARNING codeintel.build.hamilton.native.ingestion.tree_sitter Tree-sitter indexing warning: Tree-sitter failed for src/codeintel/cli/errors/taxonomy.py: Invalid syntax at row 0, column 19
2026-01-06 03:02:55,226 WARNING codeintel.build.hamilton.native.ingestion.tree_sitter Tree-sitter indexing warning: Tree-sitter failed for src/codeintel/cli/execution/__init__.py: Invalid syntax at row 0, column 19
2026-01-06 03:02:55,226 WARNING codeintel.build.hamilton.native.ingestion.tree_sitter Tree-sitter indexing warning: Tree-sitter failed for src/codeintel/cli/execution/bootstrap.py: Invalid syntax at row 0, column 19
2026-01-06 03:02:55,226 WARNING codeintel.build.hamilton.native.ingestion.tree_sitter Tree-sitter indexing warning: Tree-sitter failed for src/codeintel/cli/execution/registry.py: Invalid syntax at row 0, column 19
2026-01-06 03:02:55,226 WARNING codeintel.build.hamilton.native.ingestion.tree_sitter Tree-sitter indexing warning: Tree-sitter failed for src/codeintel/cli/handlers/__init__.py: Invalid syntax at row 0, column 19
2026-01-06 03:02:55,226 WARNING codeintel.build.hamilton.native.ingestion.tree_sitter Tree-sitter indexing warning: Tree-sitter failed for src/codeintel/cli/handlers/_utilities.py: Invalid syntax at row 0, column 19
2026-01-06 03:02:55,226 WARNING codeintel.build.hamilton.native.ingestion.tree_sitter Tree-sitter indexing warning: Tree-sitter failed for src/codeintel/cli/handlers/build.py: Invalid syntax at row 0, column 19
2026-01-06 03:02:55,226 WARNING codeintel.build.hamilton.native.ingestion.tree_sitter Tree-sitter indexing warning: Tree-sitter failed for src/codeintel/cli/handlers/build_schema.py: Invalid syntax at row 0, column 19
2026-01-06 03:02:55,226 WARNING codeintel.build.hamilton.native.ingestion.tree_sitter Tree-sitter indexing warning: Tree-sitter failed for src/codeintel/cli/handlers/build_spec.py: Invalid syntax at row 0, column 19
2026-01-06 03:02:55,226 WARNING codeintel.build.hamilton.native.ingestion.tree_sitter Tree-sitter indexing warning: Tree-sitter failed for src/codeintel/cli/handlers/build_validate.py: Invalid syntax at row 0, column 19
2026-01-06 03:02:55,226 WARNING codeintel.build.hamilton.native.ingestion.tree_sitter Tree-sitter indexing warning: Tree-sitter failed for src/codeintel/cli/handlers/datasets.py: Invalid syntax at row 0, column 19
2026-01-06 03:02:55,226 WARNING codeintel.build.hamilton.native.ingestion.tree_sitter Tree-sitter indexing warning: Tree-sitter failed for src/codeintel/cli/handlers/docs.py: Invalid syntax at row 0, column 19
2026-01-06 03:02:55,226 WARNING codeintel.build.hamilton.native.ingestion.tree_sitter Tree-sitter indexing warning: Tree-sitter failed for src/codeintel/cli/handlers/graphs.py: Invalid syntax at row 0, column 19
2026-01-06 03:02:55,226 WARNING codeintel.build.hamilton.native.ingestion.tree_sitter Tree-sitter indexing warning: Tree-sitter failed for src/codeintel/cli/handlers/health.py: Invalid syntax at row 0, column 19
2026-01-06 03:02:55,226 WARNING codeintel.build.hamilton.native.ingestion.tree_sitter Tree-sitter indexing warning: Tree-sitter failed for src/codeintel/cli/handlers/jobs.py: Invalid syntax at row 0, column 19
2026-01-06 03:02:55,226 WARNING codeintel.build.hamilton.native.ingestion.tree_sitter Tree-sitter indexing warning: Tree-sitter failed for src/codeintel/cli/handlers/meta.py: Invalid syntax at row 0, column 19
2026-01-06 03:02:55,226 WARNING codeintel.build.hamilton.native.ingestion.tree_sitter Tree-sitter indexing warning: Tree-sitter failed for src/codeintel/cli/handlers/metadata_bundle.py: Invalid syntax at row 0, column 19
2026-01-06 03:02:55,226 WARNING codeintel.build.hamilton.native.ingestion.tree_sitter Tree-sitter indexing warning: Tree-sitter failed for src/codeintel/cli/handlers/ops.py: Invalid syntax at row 0, column 19
2026-01-06 03:02:55,226 WARNING codeintel.build.hamilton.native.ingestion.tree_sitter Tree-sitter indexing warning: Tree-sitter failed for src/codeintel/cli/handlers/plugins.py: Invalid syntax at row 0, column 19
2026-01-06 03:02:55,226 WARNING codeintel.build.hamilton.native.ingestion.tree_sitter Tree-sitter indexing warning: Tree-sitter failed for src/codeintel/cli/handlers/runtime_helpers.py: Invalid syntax at row 0, column 19
2026-01-06 03:02:55,226 WARNING codeintel.build.hamilton.native.ingestion.tree_sitter Tree-sitter indexing warning: Tree-sitter failed for src/codeintel/cli/handlers/semantic.py: Invalid syntax at row 0, column 19
2026-01-06 03:02:55,226 WARNING codeintel.build.hamilton.native.ingestion.tree_sitter Tree-sitter indexing warning: Tree-sitter failed for src/codeintel/cli/handlers/storage.py: Invalid syntax at row 0, column 19
2026-01-06 03:02:55,226 WARNING codeintel.build.hamilton.native.ingestion.tree_sitter Tree-sitter indexing warning: Tree-sitter failed for src/codeintel/cli/handlers/tag_filters.py: Invalid syntax at row 0, column 19
2026-01-06 03:02:55,226 WARNING codeintel.build.hamilton.native.ingestion.tree_sitter Tree-sitter indexing warning: Tree-sitter failed for src/codeintel/cli/handlers/targets.py: Invalid syntax at row 0, column 19
2026-01-06 03:02:55,226 WARNING codeintel.build.hamilton.native.ingestion.tree_sitter Tree-sitter indexing warning: Tree-sitter failed for src/codeintel/cli/introspection/__init__.py: Invalid syntax at row 0, column 19
2026-01-06 03:02:55,226 WARNING codeintel.build.hamilton.native.ingestion.tree_sitter Tree-sitter indexing warning: Tree-sitter failed for src/codeintel/cli/introspection/discovery.py: Invalid syntax at row 0, column 19
2026-01-06 03:02:55,226 WARNING codeintel.build.hamilton.native.ingestion.tree_sitter Tree-sitter indexing warning: Tree-sitter failed for src/codeintel/cli/introspection/help.py: Invalid syntax at row 0, column 19
2026-01-06 03:02:55,226 WARNING codeintel.build.hamilton.native.ingestion.tree_sitter Tree-sitter indexing warning: Tree-sitter failed for src/codeintel/cli/introspection/registry_inventory.py: Invalid syntax at row 0, column 19
2026-01-06 03:02:55,226 WARNING codeintel.build.hamilton.native.ingestion.tree_sitter Tree-sitter indexing warning: Tree-sitter failed for src/codeintel/cli/introspection/validation.py: Invalid syntax at row 0, column 19
2026-01-06 03:02:55,226 WARNING codeintel.build.hamilton.native.ingestion.tree_sitter Tree-sitter indexing warning: Tree-sitter failed for src/codeintel/cli/jobs/__init__.py: Invalid syntax at row 0, column 19
2026-01-06 03:02:55,226 WARNING codeintel.build.hamilton.native.ingestion.tree_sitter Tree-sitter indexing warning: Tree-sitter failed for src/codeintel/cli/jobs/_jobs.py: Invalid syntax at row 0, column 19
2026-01-06 03:02:55,226 WARNING codeintel.build.hamilton.native.ingestion.tree_sitter Tree-sitter indexing warning: Tree-sitter failed for src/codeintel/cli/options/__init__.py: Invalid syntax at row 0, column 19
2026-01-06 03:02:55,226 WARNING codeintel.build.hamilton.native.ingestion.tree_sitter Tree-sitter indexing warning: Tree-sitter failed for src/codeintel/cli/options/registry.py: Invalid syntax at row 0, column 19
2026-01-06 03:02:55,226 WARNING codeintel.build.hamilton.native.ingestion.tree_sitter Tree-sitter indexing warning: Tree-sitter failed for src/codeintel/cli/options/shared_flags.py: Invalid syntax at row 0, column 19
2026-01-06 03:02:55,226 WARNING codeintel.build.hamilton.native.ingestion.tree_sitter Tree-sitter indexing warning: Tree-sitter failed for src/codeintel/cli/options/types.py: Invalid syntax at row 0, column 19
2026-01-06 03:02:55,226 WARNING codeintel.build.hamilton.native.ingestion.tree_sitter Tree-sitter indexing warning: Tree-sitter failed for src/codeintel/cli/project/__init__.py: Invalid syntax at row 0, column 19
2026-01-06 03:02:55,226 WARNING codeintel.build.hamilton.native.ingestion.tree_sitter Tree-sitter indexing warning: Tree-sitter failed for src/codeintel/cli/project/_project.py: Invalid syntax at row 0, column 19
2026-01-06 03:02:55,226 WARNING codeintel.build.hamilton.native.ingestion.tree_sitter Tree-sitter indexing warning: Tree-sitter failed for src/codeintel/cli/rendering/__init__.py: Invalid syntax at row 0, column 19
2026-01-06 03:02:55,226 WARNING codeintel.build.hamilton.native.ingestion.tree_sitter Tree-sitter indexing warning: Tree-sitter failed for src/codeintel/cli/rendering/service.py: Invalid syntax at row 0, column 19
2026-01-06 03:02:55,226 WARNING codeintel.build.hamilton.native.ingestion.tree_sitter Tree-sitter indexing warning: Tree-sitter failed for src/codeintel/cli/rendering/types.py: Invalid syntax at row 0, column 19
2026-01-06 03:02:55,226 WARNING codeintel.build.hamilton.native.ingestion.tree_sitter Tree-sitter indexing warning: Tree-sitter failed for src/codeintel/cli/resolution/__init__.py: Invalid syntax at row 0, column 19
2026-01-06 03:02:55,226 WARNING codeintel.build.hamilton.native.ingestion.tree_sitter Tree-sitter indexing warning: Tree-sitter failed for src/codeintel/cli/resolution/errors.py: Invalid syntax at row 0, column 19
2026-01-06 03:02:55,226 WARNING codeintel.build.hamilton.native.ingestion.tree_sitter Tree-sitter indexing warning: Tree-sitter failed for src/codeintel/cli/resolution/params.py: Invalid syntax at row 0, column 19
2026-01-06 03:02:55,226 WARNING codeintel.build.hamilton.native.ingestion.tree_sitter Tree-sitter indexing warning: Tree-sitter failed for src/codeintel/cli/resolution/runtime.py: Invalid syntax at row 0, column 19
2026-01-06 03:02:55,226 WARNING codeintel.build.hamilton.native.ingestion.tree_sitter Tree-sitter indexing warning: Tree-sitter failed for src/codeintel/cli/resolution/types.py: Invalid syntax at row 0, column 19
2026-01-06 03:02:55,226 WARNING codeintel.build.hamilton.native.ingestion.tree_sitter Tree-sitter indexing warning: Tree-sitter failed for src/codeintel/cli/services/__init__.py: Invalid syntax at row 0, column 19
2026-01-06 03:02:55,226 WARNING codeintel.build.hamilton.native.ingestion.tree_sitter Tree-sitter indexing warning: Tree-sitter failed for src/codeintel/cli/services/jobs.py: Invalid syntax at row 0, column 19
2026-01-06 03:02:55,226 WARNING codeintel.build.hamilton.native.ingestion.tree_sitter Tree-sitter indexing warning: Tree-sitter failed for src/codeintel/cli/services/params.py: Invalid syntax at row 0, column 19
2026-01-06 03:02:55,226 WARNING codeintel.build.hamilton.native.ingestion.tree_sitter Tree-sitter indexing warning: Tree-sitter failed for src/codeintel/cli/services/runtime.py: Invalid syntax at row 0, column 19
2026-01-06 03:02:55,226 WARNING codeintel.build.hamilton.native.ingestion.tree_sitter Tree-sitter indexing warning: Tree-sitter failed for src/codeintel/cli/services/storage.py: Invalid syntax at row 0, column 19
2026-01-06 03:02:55,226 WARNING codeintel.build.hamilton.native.ingestion.tree_sitter Tree-sitter indexing warning: Tree-sitter failed for src/codeintel/cli/serving_factory.py: Invalid syntax at row 0, column 19
2026-01-06 03:02:55,226 WARNING codeintel.build.hamilton.native.ingestion.tree_sitter Tree-sitter indexing warning: Tree-sitter failed for src/codeintel/config/__init__.py: Invalid syntax at row 0, column 19
2026-01-06 03:02:55,226 WARNING codeintel.build.hamilton.native.ingestion.tree_sitter Tree-sitter indexing warning: Tree-sitter failed for src/codeintel/config/datasets/__init__.py: Invalid syntax at row 0, column 19
2026-01-06 03:02:55,226 WARNING codeintel.build.hamilton.native.ingestion.tree_sitter Tree-sitter indexing warning: Tree-sitter failed for src/codeintel/config/datasets/columns.py: Invalid syntax at row 0, column 19
2026-01-06 03:02:55,226 WARNING codeintel.build.hamilton.native.ingestion.tree_sitter Tree-sitter indexing warning: Tree-sitter failed for src/codeintel/config/datasets/composites.py: Invalid syntax at row 0, column 19
2026-01-06 03:02:55,226 WARNING codeintel.build.hamilton.native.ingestion.tree_sitter Tree-sitter indexing warning: Tree-sitter failed for src/codeintel/config/datasets/contracts.py: Invalid syntax at row 0, column 19
2026-01-06 03:02:55,226 WARNING codeintel.build.hamilton.native.ingestion.tree_sitter Tree-sitter indexing warning: Tree-sitter failed for src/codeintel/config/datasets/primitives.py: Invalid syntax at row 0, column 19
2026-01-06 03:02:55,226 WARNING codeintel.build.hamilton.native.ingestion.tree_sitter Tree-sitter indexing warning: Tree-sitter failed for src/codeintel/config/models.py: Invalid syntax at row 0, column 19
2026-01-06 03:02:55,226 WARNING codeintel.build.hamilton.native.ingestion.tree_sitter Tree-sitter indexing warning: Tree-sitter failed for src/codeintel/config/primitives.py: Invalid syntax at row 0, column 19
2026-01-06 03:02:55,226 WARNING codeintel.build.hamilton.native.ingestion.tree_sitter Tree-sitter indexing warning: Tree-sitter failed for src/codeintel/core/__init__.py: Invalid syntax at row 0, column 19
2026-01-06 03:02:55,226 WARNING codeintel.build.hamilton.native.ingestion.tree_sitter Tree-sitter indexing warning: Tree-sitter failed for src/codeintel/core/build_manifest.py: Invalid syntax at row 0, column 19
2026-01-06 03:02:55,226 WARNING codeintel.build.hamilton.native.ingestion.tree_sitter Tree-sitter indexing warning: Tree-sitter failed for src/codeintel/core/cache/__init__.py: Invalid syntax at row 0, column 19
2026-01-06 03:02:55,226 WARNING codeintel.build.hamilton.native.ingestion.tree_sitter Tree-sitter indexing warning: Tree-sitter failed for src/codeintel/core/cache/keying.py: Invalid syntax at row 0, column 19
2026-01-06 03:02:55,226 WARNING codeintel.build.hamilton.native.ingestion.tree_sitter Tree-sitter indexing warning: Tree-sitter failed for src/codeintel/core/cache/memory.py: Invalid syntax at row 0, column 19
2026-01-06 03:02:55,226 WARNING codeintel.build.hamilton.native.ingestion.tree_sitter Tree-sitter indexing warning: Tree-sitter failed for src/codeintel/core/cache/protocol.py: Invalid syntax at row 0, column 19
2026-01-06 03:02:55,226 WARNING codeintel.build.hamilton.native.ingestion.tree_sitter Tree-sitter indexing warning: Tree-sitter failed for src/codeintel/core/cache/scoped.py: Invalid syntax at row 0, column 19
2026-01-06 03:02:55,226 WARNING codeintel.build.hamilton.native.ingestion.tree_sitter Tree-sitter indexing warning: Tree-sitter failed for src/codeintel/core/catalog/__init__.py: Invalid syntax at row 0, column 19
2026-01-06 03:02:55,226 WARNING codeintel.build.hamilton.native.ingestion.tree_sitter Tree-sitter indexing warning: Tree-sitter failed for src/codeintel/core/catalog/function_span.py: Invalid syntax at row 0, column 19
2026-01-06 03:02:55,226 WARNING codeintel.build.hamilton.native.ingestion.tree_sitter Tree-sitter indexing warning: Tree-sitter failed for src/codeintel/core/catalog/protocol.py: Invalid syntax at row 0, column 19
2026-01-06 03:02:55,226 WARNING codeintel.build.hamilton.native.ingestion.tree_sitter Tree-sitter indexing warning: Tree-sitter failed for src/codeintel/core/catalog/span_index.py: Invalid syntax at row 0, column 19
2026-01-06 03:02:55,226 WARNING codeintel.build.hamilton.native.ingestion.tree_sitter Tree-sitter indexing warning: Tree-sitter failed for src/codeintel/core/columnar/__init__.py: Invalid syntax at row 0, column 19
2026-01-06 03:02:55,226 WARNING codeintel.build.hamilton.native.ingestion.tree_sitter Tree-sitter indexing warning: Tree-sitter failed for src/codeintel/core/columnar/ipc.py: Invalid syntax at row 0, column 19
2026-01-06 03:02:55,226 WARNING codeintel.build.hamilton.native.ingestion.tree_sitter Tree-sitter indexing warning: Tree-sitter failed for src/codeintel/core/columnar/polars_collect.py: Invalid syntax at row 0, column 19
2026-01-06 03:02:55,226 WARNING codeintel.build.hamilton.native.ingestion.tree_sitter Tree-sitter indexing warning: Tree-sitter failed for src/codeintel/core/columnar/polars_utils.py: Invalid syntax at row 0, column 19
2026-01-06 03:02:55,226 WARNING codeintel.build.hamilton.native.ingestion.tree_sitter Tree-sitter indexing warning: Tree-sitter failed for src/codeintel/core/columnar/rows.py: Invalid syntax at row 0, column 19
2026-01-06 03:02:55,226 WARNING codeintel.build.hamilton.native.ingestion.tree_sitter Tree-sitter indexing warning: Tree-sitter failed for src/codeintel/core/columnar/schema.py: Invalid syntax at row 0, column 19
2026-01-06 03:02:55,226 WARNING codeintel.build.hamilton.native.ingestion.tree_sitter Tree-sitter indexing warning: Tree-sitter failed for src/codeintel/core/columnar/schema_alignment.py: Invalid syntax at row 0, column 19
2026-01-06 03:02:55,226 WARNING codeintel.build.hamilton.native.ingestion.tree_sitter Tree-sitter indexing warning: Tree-sitter failed for src/codeintel/core/columnar/schema_metadata.py: Invalid syntax at row 0, column 19
2026-01-06 03:02:55,226 WARNING codeintel.build.hamilton.native.ingestion.tree_sitter Tree-sitter indexing warning: Tree-sitter failed for src/codeintel/core/columnar/stream.py: Invalid syntax at row 0, column 19
2026-01-06 03:02:55,226 WARNING codeintel.build.hamilton.native.ingestion.tree_sitter Tree-sitter indexing warning: Tree-sitter failed for src/codeintel/core/columnar/streaming.py: Invalid syntax at row 0, column 19
2026-01-06 03:02:55,226 WARNING codeintel.build.hamilton.native.ingestion.tree_sitter Tree-sitter indexing warning: Tree-sitter failed for src/codeintel/core/compute/__init__.py: Invalid syntax at row 0, column 19
2026-01-06 03:02:55,226 WARNING codeintel.build.hamilton.native.ingestion.tree_sitter Tree-sitter indexing warning: Tree-sitter failed for src/codeintel/core/compute/centrality.py: Invalid syntax at row 0, column 19
2026-01-06 03:02:55,226 WARNING codeintel.build.hamilton.native.ingestion.tree_sitter Tree-sitter indexing warning: Tree-sitter failed for src/codeintel/core/concurrency/__init__.py: Invalid syntax at row 0, column 19
2026-01-06 03:02:55,226 WARNING codeintel.build.hamilton.native.ingestion.tree_sitter Tree-sitter indexing warning: Tree-sitter failed for src/codeintel/core/concurrency/async_utils.py: Invalid syntax at row 0, column 19
2026-01-06 03:02:55,227 WARNING codeintel.build.hamilton.native.ingestion.tree_sitter Tree-sitter indexing warning: Tree-sitter failed for src/codeintel/core/concurrency/workers.py: Invalid syntax at row 0, column 19
2026-01-06 03:02:55,227 WARNING codeintel.build.hamilton.native.ingestion.tree_sitter Tree-sitter indexing warning: Tree-sitter failed for src/codeintel/core/config/__init__.py: Invalid syntax at row 0, column 19
2026-01-06 03:02:55,227 WARNING codeintel.build.hamilton.native.ingestion.tree_sitter Tree-sitter indexing warning: Tree-sitter failed for src/codeintel/core/config/settings.py: Invalid syntax at row 0, column 19
2026-01-06 03:02:55,227 WARNING codeintel.build.hamilton.native.ingestion.tree_sitter Tree-sitter indexing warning: Tree-sitter failed for src/codeintel/core/constants.py: Invalid syntax at row 0, column 19
2026-01-06 03:02:55,227 WARNING codeintel.build.hamilton.native.ingestion.tree_sitter Tree-sitter indexing warning: Tree-sitter failed for src/codeintel/core/data_models/__init__.py: Invalid syntax at row 0, column 19
2026-01-06 03:02:55,227 WARNING codeintel.build.hamilton.native.ingestion.tree_sitter Tree-sitter indexing warning: Tree-sitter failed for src/codeintel/core/data_models/ids.py: Invalid syntax at row 0, column 19
2026-01-06 03:02:55,227 WARNING codeintel.build.hamilton.native.ingestion.tree_sitter Tree-sitter indexing warning: Tree-sitter failed for src/codeintel/core/data_models/rows.py: Invalid syntax at row 0, column 19
2026-01-06 03:02:55,227 WARNING codeintel.build.hamilton.native.ingestion.tree_sitter Tree-sitter indexing warning: Tree-sitter failed for src/codeintel/core/datasets/__init__.py: Invalid syntax at row 0, column 19
2026-01-06 03:02:55,227 WARNING codeintel.build.hamilton.native.ingestion.tree_sitter Tree-sitter indexing warning: Tree-sitter failed for src/codeintel/core/datasets/arrow_store.py: Invalid syntax at row 0, column 19
2026-01-06 03:02:55,227 WARNING codeintel.build.hamilton.native.ingestion.tree_sitter Tree-sitter indexing warning: Tree-sitter failed for src/codeintel/core/datasets/manifests.py: Invalid syntax at row 0, column 19
2026-01-06 03:02:55,227 WARNING codeintel.build.hamilton.native.ingestion.tree_sitter Tree-sitter indexing warning: Tree-sitter failed for src/codeintel/core/datasets/parquet_metadata.py: Invalid syntax at row 0, column 19
2026-01-06 03:02:55,227 WARNING codeintel.build.hamilton.native.ingestion.tree_sitter Tree-sitter indexing warning: Tree-sitter failed for src/codeintel/core/datasets/paths.py: Invalid syntax at row 0, column 19
2026-01-06 03:02:55,227 WARNING codeintel.build.hamilton.native.ingestion.tree_sitter Tree-sitter indexing warning: Tree-sitter failed for src/codeintel/core/duckdb_types.py: Invalid syntax at row 0, column 19
2026-01-06 03:02:55,227 WARNING codeintel.build.hamilton.native.ingestion.tree_sitter Tree-sitter indexing warning: Tree-sitter failed for src/codeintel/core/env.py: Invalid syntax at row 0, column 19
2026-01-06 03:02:55,227 WARNING codeintel.build.hamilton.native.ingestion.tree_sitter Tree-sitter indexing warning: Tree-sitter failed for src/codeintel/core/errors/__init__.py: Invalid syntax at row 0, column 19
2026-01-06 03:02:55,227 WARNING codeintel.build.hamilton.native.ingestion.tree_sitter Tree-sitter indexing warning: Tree-sitter failed for src/codeintel/core/errors/base.py: Invalid syntax at row 0, column 19
2026-01-06 03:02:55,227 WARNING codeintel.build.hamilton.native.ingestion.tree_sitter Tree-sitter indexing warning: Tree-sitter failed for src/codeintel/core/errors/execution.py: Invalid syntax at row 0, column 19
2026-01-06 03:02:55,227 WARNING codeintel.build.hamilton.native.ingestion.tree_sitter Tree-sitter indexing warning: Tree-sitter failed for src/codeintel/core/errors/problem_details.py: Invalid syntax at row 0, column 19
2026-01-06 03:02:55,227 WARNING codeintel.build.hamilton.native.ingestion.tree_sitter Tree-sitter indexing warning: Tree-sitter failed for src/codeintel/core/errors/schema.py: Invalid syntax at row 0, column 19
2026-01-06 03:02:55,227 WARNING codeintel.build.hamilton.native.ingestion.tree_sitter Tree-sitter indexing warning: Tree-sitter failed for src/codeintel/core/errors/storage.py: Invalid syntax at row 0, column 19
2026-01-06 03:02:55,227 WARNING codeintel.build.hamilton.native.ingestion.tree_sitter Tree-sitter indexing warning: Tree-sitter failed for src/codeintel/core/errors/taxonomy.py: Invalid syntax at row 0, column 19
2026-01-06 03:02:55,227 WARNING codeintel.build.hamilton.native.ingestion.tree_sitter Tree-sitter indexing warning: Tree-sitter failed for src/codeintel/core/execution/__init__.py: Invalid syntax at row 0, column 19
2026-01-06 03:02:55,227 WARNING codeintel.build.hamilton.native.ingestion.tree_sitter Tree-sitter indexing warning: Tree-sitter failed for src/codeintel/core/execution/context.py: Invalid syntax at row 0, column 19
2026-01-06 03:02:55,227 WARNING codeintel.build.hamilton.native.ingestion.tree_sitter Tree-sitter indexing warning: Tree-sitter failed for src/codeintel/core/execution/ids.py: Invalid syntax at row 0, column 19
2026-01-06 03:02:55,227 WARNING codeintel.build.hamilton.native.ingestion.tree_sitter Tree-sitter indexing warning: Tree-sitter failed for src/codeintel/core/execution/materialization.py: Invalid syntax at row 0, column 19
2026-01-06 03:02:55,227 WARNING codeintel.build.hamilton.native.ingestion.tree_sitter Tree-sitter indexing warning: Tree-sitter failed for src/codeintel/core/exports/__init__.py: Invalid syntax at row 0, column 19
2026-01-06 03:02:55,227 WARNING codeintel.build.hamilton.native.ingestion.tree_sitter Tree-sitter indexing warning: Tree-sitter failed for src/codeintel/core/exports/arrow_ipc.py: Invalid syntax at row 0, column 19
2026-01-06 03:02:55,227 WARNING codeintel.build.hamilton.native.ingestion.tree_sitter Tree-sitter indexing warning: Tree-sitter failed for src/codeintel/core/exports/formats.py: Invalid syntax at row 0, column 19
2026-01-06 03:02:55,227 WARNING codeintel.build.hamilton.native.ingestion.tree_sitter Tree-sitter indexing warning: Tree-sitter failed for src/codeintel/core/exports/serialization.py: Invalid syntax at row 0, column 19
2026-01-06 03:02:55,227 WARNING codeintel.build.hamilton.native.ingestion.tree_sitter Tree-sitter indexing warning: Tree-sitter failed for src/codeintel/core/filters.py: Invalid syntax at row 0, column 19
2026-01-06 03:02:55,227 WARNING codeintel.build.hamilton.native.ingestion.tree_sitter Tree-sitter indexing warning: Tree-sitter failed for src/codeintel/core/gateway.py: Invalid syntax at row 0, column 19
2026-01-06 03:02:55,227 WARNING codeintel.build.hamilton.native.ingestion.tree_sitter Tree-sitter indexing warning: Tree-sitter failed for src/codeintel/core/hamilton/__init__.py: Invalid syntax at row 0, column 19
2026-01-06 03:02:55,227 WARNING codeintel.build.hamilton.native.ingestion.tree_sitter Tree-sitter indexing warning: Tree-sitter failed for src/codeintel/core/hamilton/records.py: Invalid syntax at row 0, column 19
2026-01-06 03:02:55,227 WARNING codeintel.build.hamilton.native.ingestion.tree_sitter Tree-sitter indexing warning: Tree-sitter failed for src/codeintel/core/hamilton/semantic_tags.py: Invalid syntax at row 0, column 19
2026-01-06 03:02:55,227 WARNING codeintel.build.hamilton.native.ingestion.tree_sitter Tree-sitter indexing warning: Tree-sitter failed for src/codeintel/core/hamilton/tag_filters.py: Invalid syntax at row 0, column 19
2026-01-06 03:02:55,227 WARNING codeintel.build.hamilton.native.ingestion.tree_sitter Tree-sitter indexing warning: Tree-sitter failed for src/codeintel/core/hamilton/tag_query.py: Invalid syntax at row 0, column 19
2026-01-06 03:02:55,227 WARNING codeintel.build.hamilton.native.ingestion.tree_sitter Tree-sitter indexing warning: Tree-sitter failed for src/codeintel/core/hamilton/tagging_helpers.py: Invalid syntax at row 0, column 19
2026-01-06 03:02:55,227 WARNING codeintel.build.hamilton.native.ingestion.tree_sitter Tree-sitter indexing warning: Tree-sitter failed for src/codeintel/core/hamilton/tags.py: Invalid syntax at row 0, column 19
2026-01-06 03:02:55,227 WARNING codeintel.build.hamilton.native.ingestion.tree_sitter Tree-sitter indexing warning: Tree-sitter failed for src/codeintel/core/hashing/__init__.py: Invalid syntax at row 0, column 19
2026-01-06 03:02:55,227 WARNING codeintel.build.hamilton.native.ingestion.tree_sitter Tree-sitter indexing warning: Tree-sitter failed for src/codeintel/core/hashing/content.py: Invalid syntax at row 0, column 19
2026-01-06 03:02:55,227 WARNING codeintel.build.hamilton.native.ingestion.tree_sitter Tree-sitter indexing warning: Tree-sitter failed for src/codeintel/core/hashing/fingerprint.py: Invalid syntax at row 0, column 19
2026-01-06 03:02:55,227 WARNING codeintel.build.hamilton.native.ingestion.tree_sitter Tree-sitter indexing warning: Tree-sitter failed for src/codeintel/core/hashing/short.py: Invalid syntax at row 0, column 19
2026-01-06 03:02:55,227 WARNING codeintel.build.hamilton.native.ingestion.tree_sitter Tree-sitter indexing warning: Tree-sitter failed for src/codeintel/core/helpers/__init__.py: Invalid syntax at row 0, column 19
2026-01-06 03:02:55,227 WARNING codeintel.build.hamilton.native.ingestion.tree_sitter Tree-sitter indexing warning: Tree-sitter failed for src/codeintel/core/imports/__init__.py: Invalid syntax at row 0, column 19
2026-01-06 03:02:55,227 WARNING codeintel.build.hamilton.native.ingestion.tree_sitter Tree-sitter indexing warning: Tree-sitter failed for src/codeintel/core/imports/lazy.py: Invalid syntax at row 0, column 19
2026-01-06 03:02:55,227 WARNING codeintel.build.hamilton.native.ingestion.tree_sitter Tree-sitter indexing warning: Tree-sitter failed for src/codeintel/core/intervals/__init__.py: Invalid syntax at row 0, column 19
2026-01-06 03:02:55,227 WARNING codeintel.build.hamilton.native.ingestion.tree_sitter Tree-sitter indexing warning: Tree-sitter failed for src/codeintel/core/intervals/span_resolver.py: Invalid syntax at row 0, column 19
2026-01-06 03:02:55,227 WARNING codeintel.build.hamilton.native.ingestion.tree_sitter Tree-sitter indexing warning: Tree-sitter failed for src/codeintel/core/manifests.py: Invalid syntax at row 0, column 19
2026-01-06 03:02:55,227 WARNING codeintel.build.hamilton.native.ingestion.tree_sitter Tree-sitter indexing warning: Tree-sitter failed for src/codeintel/core/options/__init__.py: Invalid syntax at row 0, column 19
2026-01-06 03:02:55,227 WARNING codeintel.build.hamilton.native.ingestion.tree_sitter Tree-sitter indexing warning: Tree-sitter failed for src/codeintel/core/options/base.py: Invalid syntax at row 0, column 19
2026-01-06 03:02:55,227 WARNING codeintel.build.hamilton.native.ingestion.tree_sitter Tree-sitter indexing warning: Tree-sitter failed for src/codeintel/core/options/protocol.py: Invalid syntax at row 0, column 19
2026-01-06 03:02:55,227 WARNING codeintel.build.hamilton.native.ingestion.tree_sitter Tree-sitter indexing warning: Tree-sitter failed for src/codeintel/core/parsing/__init__.py: Invalid syntax at row 0, column 19
2026-01-06 03:02:55,227 WARNING codeintel.build.hamilton.native.ingestion.tree_sitter Tree-sitter indexing warning: Tree-sitter failed for src/codeintel/core/parsing/ast_index.py: Invalid syntax at row 0, column 19
2026-01-06 03:02:55,227 WARNING codeintel.build.hamilton.native.ingestion.tree_sitter Tree-sitter indexing warning: Tree-sitter failed for src/codeintel/core/parsing/models.py: Invalid syntax at row 0, column 19
2026-01-06 03:02:55,227 WARNING codeintel.build.hamilton.native.ingestion.tree_sitter Tree-sitter indexing warning: Tree-sitter failed for src/codeintel/core/parsing/source_span.py: Invalid syntax at row 0, column 19
2026-01-06 03:02:55,227 WARNING codeintel.build.hamilton.native.ingestion.tree_sitter Tree-sitter indexing warning: Tree-sitter failed for src/codeintel/core/paths/__init__.py: Invalid syntax at row 0, column 19
2026-01-06 03:02:55,227 WARNING codeintel.build.hamilton.native.ingestion.tree_sitter Tree-sitter indexing warning: Tree-sitter failed for src/codeintel/core/paths/module.py: Invalid syntax at row 0, column 19
2026-01-06 03:02:55,227 WARNING codeintel.build.hamilton.native.ingestion.tree_sitter Tree-sitter indexing warning: Tree-sitter failed for src/codeintel/core/paths/normalize.py: Invalid syntax at row 0, column 19
2026-01-06 03:02:55,227 WARNING codeintel.build.hamilton.native.ingestion.tree_sitter Tree-sitter indexing warning: Tree-sitter failed for src/codeintel/core/plugins/__init__.py: Invalid syntax at row 0, column 19
2026-01-06 03:02:55,227 WARNING codeintel.build.hamilton.native.ingestion.tree_sitter Tree-sitter indexing warning: Tree-sitter failed for src/codeintel/core/plugins/execution/__init__.py: Invalid syntax at row 0, column 19
2026-01-06 03:02:55,227 WARNING codeintel.build.hamilton.native.ingestion.tree_sitter Tree-sitter indexing warning: Tree-sitter failed for src/codeintel/core/plugins/execution/context.py: Invalid syntax at row 0, column 19
2026-01-06 03:02:55,227 WARNING codeintel.build.hamilton.native.ingestion.tree_sitter Tree-sitter indexing warning: Tree-sitter failed for src/codeintel/core/plugins/execution/options.py: Invalid syntax at row 0, column 19
2026-01-06 03:02:55,227 WARNING codeintel.build.hamilton.native.ingestion.tree_sitter Tree-sitter indexing warning: Tree-sitter failed for src/codeintel/core/plugins/execution/profiles.py: Invalid syntax at row 0, column 19
2026-01-06 03:02:55,227 WARNING codeintel.build.hamilton.native.ingestion.tree_sitter Tree-sitter indexing warning: Tree-sitter failed for src/codeintel/core/plugins/types/__init__.py: Invalid syntax at row 0, column 19
2026-01-06 03:02:55,227 WARNING codeintel.build.hamilton.native.ingestion.tree_sitter Tree-sitter indexing warning: Tree-sitter failed for src/codeintel/core/plugins/types/async_protocol.py: Invalid syntax at row 0, column 19
2026-01-06 03:02:55,227 WARNING codeintel.build.hamilton.native.ingestion.tree_sitter Tree-sitter indexing warning: Tree-sitter failed for src/codeintel/core/plugins/types/metadata.py: Invalid syntax at row 0, column 19
2026-01-06 03:02:55,227 WARNING codeintel.build.hamilton.native.ingestion.tree_sitter Tree-sitter indexing warning: Tree-sitter failed for src/codeintel/core/plugins/types/protocol.py: Invalid syntax at row 0, column 19
2026-01-06 03:02:55,227 WARNING codeintel.build.hamilton.native.ingestion.tree_sitter Tree-sitter indexing warning: Tree-sitter failed for src/codeintel/core/plugins/types/report.py: Invalid syntax at row 0, column 19
2026-01-06 03:02:55,227 WARNING codeintel.build.hamilton.native.ingestion.tree_sitter Tree-sitter indexing warning: Tree-sitter failed for src/codeintel/core/plugins/types/result.py: Invalid syntax at row 0, column 19
2026-01-06 03:02:55,227 WARNING codeintel.build.hamilton.native.ingestion.tree_sitter Tree-sitter indexing warning: Tree-sitter failed for src/codeintel/core/ports/__init__.py: Invalid syntax at row 0, column 19
2026-01-06 03:02:55,227 WARNING codeintel.build.hamilton.native.ingestion.tree_sitter Tree-sitter indexing warning: Tree-sitter failed for src/codeintel/core/ports/export.py: Invalid syntax at row 0, column 19
2026-01-06 03:02:55,227 WARNING codeintel.build.hamilton.native.ingestion.tree_sitter Tree-sitter indexing warning: Tree-sitter failed for src/codeintel/core/ports/storage.py: Invalid syntax at row 0, column 19
2026-01-06 03:02:55,227 WARNING codeintel.build.hamilton.native.ingestion.tree_sitter Tree-sitter indexing warning: Tree-sitter failed for src/codeintel/core/queries/__init__.py: Invalid syntax at row 0, column 19
2026-01-06 03:02:55,227 WARNING codeintel.build.hamilton.native.ingestion.tree_sitter Tree-sitter indexing warning: Tree-sitter failed for src/codeintel/core/queries/filter_compiler.py: Invalid syntax at row 0, column 19
2026-01-06 03:02:55,227 WARNING codeintel.build.hamilton.native.ingestion.tree_sitter Tree-sitter indexing warning: Tree-sitter failed for src/codeintel/core/queries/safe.py: Invalid syntax at row 0, column 19
2026-01-06 03:02:55,227 WARNING codeintel.build.hamilton.native.ingestion.tree_sitter Tree-sitter indexing warning: Tree-sitter failed for src/codeintel/core/query_results.py: Invalid syntax at row 0, column 19
2026-01-06 03:02:55,227 WARNING codeintel.build.hamilton.native.ingestion.tree_sitter Tree-sitter indexing warning: Tree-sitter failed for src/codeintel/core/registry/__init__.py: Invalid syntax at row 0, column 19
2026-01-06 03:02:55,227 WARNING codeintel.build.hamilton.native.ingestion.tree_sitter Tree-sitter indexing warning: Tree-sitter failed for src/codeintel/core/repository/__init__.py: Invalid syntax at row 0, column 19
2026-01-06 03:02:55,227 WARNING codeintel.build.hamilton.native.ingestion.tree_sitter Tree-sitter indexing warning: Tree-sitter failed for src/codeintel/core/repository/filtering.py: Invalid syntax at row 0, column 19
2026-01-06 03:02:55,227 WARNING codeintel.build.hamilton.native.ingestion.tree_sitter Tree-sitter indexing warning: Tree-sitter failed for src/codeintel/core/repository/pagination.py: Invalid syntax at row 0, column 19
2026-01-06 03:02:55,227 WARNING codeintel.build.hamilton.native.ingestion.tree_sitter Tree-sitter indexing warning: Tree-sitter failed for src/codeintel/core/repository/protocol.py: Invalid syntax at row 0, column 19
2026-01-06 03:02:55,227 WARNING codeintel.build.hamilton.native.ingestion.tree_sitter Tree-sitter indexing warning: Tree-sitter failed for src/codeintel/core/resources/__init__.py: Invalid syntax at row 0, column 19
2026-01-06 03:02:55,227 WARNING codeintel.build.hamilton.native.ingestion.tree_sitter Tree-sitter indexing warning: Tree-sitter failed for src/codeintel/core/resources/graphs.py: Invalid syntax at row 0, column 19
2026-01-06 03:02:55,227 WARNING codeintel.build.hamilton.native.ingestion.tree_sitter Tree-sitter indexing warning: Tree-sitter failed for src/codeintel/core/resources/protocol.py: Invalid syntax at row 0, column 19
2026-01-06 03:02:55,227 WARNING codeintel.build.hamilton.native.ingestion.tree_sitter Tree-sitter indexing warning: Tree-sitter failed for src/codeintel/core/resources/registry.py: Invalid syntax at row 0, column 19
2026-01-06 03:02:55,227 WARNING codeintel.build.hamilton.native.ingestion.tree_sitter Tree-sitter indexing warning: Tree-sitter failed for src/codeintel/core/runtime/__init__.py: Invalid syntax at row 0, column 19
2026-01-06 03:02:55,228 WARNING codeintel.build.hamilton.native.ingestion.tree_sitter Tree-sitter indexing warning: Tree-sitter failed for src/codeintel/core/runtime/bundle.py: Invalid syntax at row 0, column 19
2026-01-06 03:02:55,228 WARNING codeintel.build.hamilton.native.ingestion.tree_sitter Tree-sitter indexing warning: Tree-sitter failed for src/codeintel/core/runtime/loader.py: Invalid syntax at row 0, column 19
2026-01-06 03:02:55,228 WARNING codeintel.build.hamilton.native.ingestion.tree_sitter Tree-sitter indexing warning: Tree-sitter failed for src/codeintel/core/runtime/primitives.py: Invalid syntax at row 0, column 19
2026-01-06 03:02:55,228 WARNING codeintel.build.hamilton.native.ingestion.tree_sitter Tree-sitter indexing warning: Tree-sitter failed for src/codeintel/core/runtime/variants.py: Invalid syntax at row 0, column 19
2026-01-06 03:02:55,228 WARNING codeintel.build.hamilton.native.ingestion.tree_sitter Tree-sitter indexing warning: Tree-sitter failed for src/codeintel/core/schemas/__init__.py: Invalid syntax at row 0, column 19
2026-01-06 03:02:55,228 WARNING codeintel.build.hamilton.native.ingestion.tree_sitter Tree-sitter indexing warning: Tree-sitter failed for src/codeintel/core/schemas/arrow_gen.py: Invalid syntax at row 0, column 19
2026-01-06 03:02:55,228 WARNING codeintel.build.hamilton.native.ingestion.tree_sitter Tree-sitter indexing warning: Tree-sitter failed for src/codeintel/core/schemas/arrow_metadata.py: Invalid syntax at row 0, column 19
2026-01-06 03:02:55,228 WARNING codeintel.build.hamilton.native.ingestion.tree_sitter Tree-sitter indexing warning: Tree-sitter failed for src/codeintel/core/schemas/arrow_polars.py: Invalid syntax at row 0, column 19
2026-01-06 03:02:55,228 WARNING codeintel.build.hamilton.native.ingestion.tree_sitter Tree-sitter indexing warning: Tree-sitter failed for src/codeintel/core/schemas/authority.py: Invalid syntax at row 0, column 19
2026-01-06 03:02:55,228 WARNING codeintel.build.hamilton.native.ingestion.tree_sitter Tree-sitter indexing warning: Tree-sitter failed for src/codeintel/core/schemas/contract_bundle.py: Invalid syntax at row 0, column 19
2026-01-06 03:02:55,228 WARNING codeintel.build.hamilton.native.ingestion.tree_sitter Tree-sitter indexing warning: Tree-sitter failed for src/codeintel/core/schemas/contract_factory.py: Invalid syntax at row 0, column 19
2026-01-06 03:02:55,228 WARNING codeintel.build.hamilton.native.ingestion.tree_sitter Tree-sitter indexing warning: Tree-sitter failed for src/codeintel/core/schemas/contract_policy.py: Invalid syntax at row 0, column 19
2026-01-06 03:02:55,228 WARNING codeintel.build.hamilton.native.ingestion.tree_sitter Tree-sitter indexing warning: Tree-sitter failed for src/codeintel/core/schemas/contract_primitives.py: Invalid syntax at row 0, column 19
2026-01-06 03:02:55,228 WARNING codeintel.build.hamilton.native.ingestion.tree_sitter Tree-sitter indexing warning: Tree-sitter failed for src/codeintel/core/schemas/contract_serde.py: Invalid syntax at row 0, column 19
2026-01-06 03:02:55,228 WARNING codeintel.build.hamilton.native.ingestion.tree_sitter Tree-sitter indexing warning: Tree-sitter failed for src/codeintel/core/schemas/contract_validation.py: Invalid syntax at row 0, column 19
2026-01-06 03:02:55,228 WARNING codeintel.build.hamilton.native.ingestion.tree_sitter Tree-sitter indexing warning: Tree-sitter failed for src/codeintel/core/schemas/declared.py: Invalid syntax at row 0, column 19
2026-01-06 03:02:55,228 WARNING codeintel.build.hamilton.native.ingestion.tree_sitter Tree-sitter indexing warning: Tree-sitter failed for src/codeintel/core/schemas/hashing.py: Invalid syntax at row 0, column 19
2026-01-06 03:02:55,228 WARNING codeintel.build.hamilton.native.ingestion.tree_sitter Tree-sitter indexing warning: Tree-sitter failed for src/codeintel/core/schemas/json_schema_gen.py: Invalid syntax at row 0, column 19
2026-01-06 03:02:55,228 WARNING codeintel.build.hamilton.native.ingestion.tree_sitter Tree-sitter indexing warning: Tree-sitter failed for src/codeintel/core/schemas/output_registry.py: Invalid syntax at row 0, column 19
2026-01-06 03:02:55,228 WARNING codeintel.build.hamilton.native.ingestion.tree_sitter Tree-sitter indexing warning: Tree-sitter failed for src/codeintel/core/schemas/primitives.py: Invalid syntax at row 0, column 19
2026-01-06 03:02:55,228 WARNING codeintel.build.hamilton.native.ingestion.tree_sitter Tree-sitter indexing warning: Tree-sitter failed for src/codeintel/core/schemas/provider.py: Invalid syntax at row 0, column 19
2026-01-06 03:02:55,228 WARNING codeintel.build.hamilton.native.ingestion.tree_sitter Tree-sitter indexing warning: Tree-sitter failed for src/codeintel/core/schemas/resolution.py: Invalid syntax at row 0, column 19
2026-01-06 03:02:55,228 WARNING codeintel.build.hamilton.native.ingestion.tree_sitter Tree-sitter indexing warning: Tree-sitter failed for src/codeintel/core/schemas/row_models.py: Invalid syntax at row 0, column 19
2026-01-06 03:02:55,228 WARNING codeintel.build.hamilton.native.ingestion.tree_sitter Tree-sitter indexing warning: Tree-sitter failed for src/codeintel/core/schemas/row_serialization.py: Invalid syntax at row 0, column 19
2026-01-06 03:02:55,228 WARNING codeintel.build.hamilton.native.ingestion.tree_sitter Tree-sitter indexing warning: Tree-sitter failed for src/codeintel/core/schemas/schema_catalog_models.py: Invalid syntax at row 0, column 19
2026-01-06 03:02:55,228 WARNING codeintel.build.hamilton.native.ingestion.tree_sitter Tree-sitter indexing warning: Tree-sitter failed for src/codeintel/core/schemas/serde.py: Invalid syntax at row 0, column 19
2026-01-06 03:02:55,228 WARNING codeintel.build.hamilton.native.ingestion.tree_sitter Tree-sitter indexing warning: Tree-sitter failed for src/codeintel/core/schemas/service.py: Invalid syntax at row 0, column 19
2026-01-06 03:02:55,228 WARNING codeintel.build.hamilton.native.ingestion.tree_sitter Tree-sitter indexing warning: Tree-sitter failed for src/codeintel/core/schemas/table_registry.py: Invalid syntax at row 0, column 19
2026-01-06 03:02:55,228 WARNING codeintel.build.hamilton.native.ingestion.tree_sitter Tree-sitter indexing warning: Tree-sitter failed for src/codeintel/core/schemas/tables/__init__.py: Invalid syntax at row 0, column 19
2026-01-06 03:02:55,228 WARNING codeintel.build.hamilton.native.ingestion.tree_sitter Tree-sitter indexing warning: Tree-sitter failed for src/codeintel/core/schemas/tables/ci_plan_entries.py: Invalid syntax at row 0, column 19
2026-01-06 03:02:55,228 WARNING codeintel.build.hamilton.native.ingestion.tree_sitter Tree-sitter indexing warning: Tree-sitter failed for src/codeintel/core/schemas/type_mappings.py: Invalid syntax at row 0, column 19
2026-01-06 03:02:55,228 WARNING codeintel.build.hamilton.native.ingestion.tree_sitter Tree-sitter indexing warning: Tree-sitter failed for src/codeintel/core/schemas/view_registry.py: Invalid syntax at row 0, column 19
2026-01-06 03:02:55,228 WARNING codeintel.build.hamilton.native.ingestion.tree_sitter Tree-sitter indexing warning: Tree-sitter failed for src/codeintel/core/serialization/__init__.py: Invalid syntax at row 0, column 19
2026-01-06 03:02:55,228 WARNING codeintel.build.hamilton.native.ingestion.tree_sitter Tree-sitter indexing warning: Tree-sitter failed for src/codeintel/core/serialization/converters.py: Invalid syntax at row 0, column 19
2026-01-06 03:02:55,228 WARNING codeintel.build.hamilton.native.ingestion.tree_sitter Tree-sitter indexing warning: Tree-sitter failed for src/codeintel/core/serialization/json.py: Invalid syntax at row 0, column 19
2026-01-06 03:02:55,228 WARNING codeintel.build.hamilton.native.ingestion.tree_sitter Tree-sitter indexing warning: Tree-sitter failed for src/codeintel/core/serialization/msgspec.py: Invalid syntax at row 0, column 19
2026-01-06 03:02:55,228 WARNING codeintel.build.hamilton.native.ingestion.tree_sitter Tree-sitter indexing warning: Tree-sitter failed for src/codeintel/core/serialization/msgspec_json.py: Invalid syntax at row 0, column 19
2026-01-06 03:02:55,228 WARNING codeintel.build.hamilton.native.ingestion.tree_sitter Tree-sitter indexing warning: Tree-sitter failed for src/codeintel/core/serialization/payload.py: Invalid syntax at row 0, column 19
2026-01-06 03:02:55,228 WARNING codeintel.build.hamilton.native.ingestion.tree_sitter Tree-sitter indexing warning: Tree-sitter failed for src/codeintel/core/singleton.py: Invalid syntax at row 0, column 19
2026-01-06 03:02:55,228 WARNING codeintel.build.hamilton.native.ingestion.tree_sitter Tree-sitter indexing warning: Tree-sitter failed for src/codeintel/core/spans.py: Invalid syntax at row 0, column 19
2026-01-06 03:02:55,228 WARNING codeintel.build.hamilton.native.ingestion.tree_sitter Tree-sitter indexing warning: Tree-sitter failed for src/codeintel/core/sqlglot_tools.py: Invalid syntax at row 0, column 19
2026-01-06 03:02:55,228 WARNING codeintel.build.hamilton.native.ingestion.tree_sitter Tree-sitter indexing warning: Tree-sitter failed for src/codeintel/core/table_key.py: Invalid syntax at row 0, column 19
2026-01-06 03:02:55,228 WARNING codeintel.build.hamilton.native.ingestion.tree_sitter Tree-sitter indexing warning: Tree-sitter failed for src/codeintel/core/telemetry/__init__.py: Invalid syntax at row 0, column 19
2026-01-06 03:02:55,228 WARNING codeintel.build.hamilton.native.ingestion.tree_sitter Tree-sitter indexing warning: Tree-sitter failed for src/codeintel/core/telemetry/hooks/__init__.py: Invalid syntax at row 0, column 19
2026-01-06 03:02:55,228 WARNING codeintel.build.hamilton.native.ingestion.tree_sitter Tree-sitter indexing warning: Tree-sitter failed for src/codeintel/core/telemetry/hooks/cache_events.py: Invalid syntax at row 0, column 19
2026-01-06 03:02:55,228 WARNING codeintel.build.hamilton.native.ingestion.tree_sitter Tree-sitter indexing warning: Tree-sitter failed for src/codeintel/core/time.py: Invalid syntax at row 0, column 19
2026-01-06 03:02:55,228 WARNING codeintel.build.hamilton.native.ingestion.tree_sitter Tree-sitter indexing warning: Tree-sitter failed for src/codeintel/core/tools/__init__.py: Invalid syntax at row 0, column 19
2026-01-06 03:02:55,228 WARNING codeintel.build.hamilton.native.ingestion.tree_sitter Tree-sitter indexing warning: Tree-sitter failed for src/codeintel/core/tools/config.py: Invalid syntax at row 0, column 19
2026-01-06 03:02:55,228 WARNING codeintel.build.hamilton.native.ingestion.tree_sitter Tree-sitter indexing warning: Tree-sitter failed for src/codeintel/core/tools/names.py: Invalid syntax at row 0, column 19
2026-01-06 03:02:55,228 WARNING codeintel.build.hamilton.native.ingestion.tree_sitter Tree-sitter indexing warning: Tree-sitter failed for src/codeintel/core/tools/resolver.py: Invalid syntax at row 0, column 19
2026-01-06 03:02:55,228 WARNING codeintel.build.hamilton.native.ingestion.tree_sitter Tree-sitter indexing warning: Tree-sitter failed for src/codeintel/core/validation/__init__.py: Invalid syntax at row 0, column 19
2026-01-06 03:02:55,228 WARNING codeintel.build.hamilton.native.ingestion.tree_sitter Tree-sitter indexing warning: Tree-sitter failed for src/codeintel/core/validation/engine.py: Invalid syntax at row 0, column 19
2026-01-06 03:02:55,228 WARNING codeintel.build.hamilton.native.ingestion.tree_sitter Tree-sitter indexing warning: Tree-sitter failed for src/codeintel/core/validation/findings.py: Invalid syntax at row 0, column 19
2026-01-06 03:02:55,228 WARNING codeintel.build.hamilton.native.ingestion.tree_sitter Tree-sitter indexing warning: Tree-sitter failed for src/codeintel/core/validation/mode.py: Invalid syntax at row 0, column 19
2026-01-06 03:02:55,228 WARNING codeintel.build.hamilton.native.ingestion.tree_sitter Tree-sitter indexing warning: Tree-sitter failed for src/codeintel/core/validation/options.py: Invalid syntax at row 0, column 19
2026-01-06 03:02:55,228 WARNING codeintel.build.hamilton.native.ingestion.tree_sitter Tree-sitter indexing warning: Tree-sitter failed for src/codeintel/core/validation/outcome.py: Invalid syntax at row 0, column 19
2026-01-06 03:02:55,228 WARNING codeintel.build.hamilton.native.ingestion.tree_sitter Tree-sitter indexing warning: Tree-sitter failed for src/codeintel/core/validation/pandera_schema.py: Invalid syntax at row 0, column 19
2026-01-06 03:02:55,228 WARNING codeintel.build.hamilton.native.ingestion.tree_sitter Tree-sitter indexing warning: Tree-sitter failed for src/codeintel/core/validation/profiles.py: Invalid syntax at row 0, column 19
2026-01-06 03:02:55,228 WARNING codeintel.build.hamilton.native.ingestion.tree_sitter Tree-sitter indexing warning: Tree-sitter failed for src/codeintel/core/validation/reporters.py: Invalid syntax at row 0, column 19
2026-01-06 03:02:55,228 WARNING codeintel.build.hamilton.native.ingestion.tree_sitter Tree-sitter indexing warning: Tree-sitter failed for src/codeintel/core/validation/runner.py: Invalid syntax at row 0, column 19
2026-01-06 03:02:55,228 WARNING codeintel.build.hamilton.native.ingestion.tree_sitter Tree-sitter indexing warning: Tree-sitter failed for src/codeintel/core/validation/schema_constraints.py: Invalid syntax at row 0, column 19
2026-01-06 03:02:55,228 WARNING codeintel.build.hamilton.native.ingestion.tree_sitter Tree-sitter indexing warning: Tree-sitter failed for src/codeintel/core/views/__init__.py: Invalid syntax at row 0, column 19
2026-01-06 03:02:55,228 WARNING codeintel.build.hamilton.native.ingestion.tree_sitter Tree-sitter indexing warning: Tree-sitter failed for src/codeintel/core/views/discovery.py: Invalid syntax at row 0, column 19
2026-01-06 03:02:55,228 WARNING codeintel.build.hamilton.native.ingestion.tree_sitter Tree-sitter indexing warning: Tree-sitter failed for src/codeintel/core/views/inventory.py: Invalid syntax at row 0, column 19
2026-01-06 03:02:55,228 WARNING codeintel.build.hamilton.native.ingestion.tree_sitter Tree-sitter indexing warning: Tree-sitter failed for src/codeintel/core/views/protocol.py: Invalid syntax at row 0, column 19
2026-01-06 03:02:55,228 WARNING codeintel.build.hamilton.native.ingestion.tree_sitter Tree-sitter indexing warning: Tree-sitter failed for src/codeintel/ingestion/__init__.py: Invalid syntax at row 0, column 19
2026-01-06 03:02:55,228 WARNING codeintel.build.hamilton.native.ingestion.tree_sitter Tree-sitter indexing warning: Tree-sitter failed for src/codeintel/ingestion/adapters/__init__.py: Invalid syntax at row 0, column 19
2026-01-06 03:02:55,228 WARNING codeintel.build.hamilton.native.ingestion.tree_sitter Tree-sitter indexing warning: Tree-sitter failed for src/codeintel/ingestion/adapters/duckdb_storage.py: Invalid syntax at row 0, column 19
2026-01-06 03:02:55,228 WARNING codeintel.build.hamilton.native.ingestion.tree_sitter Tree-sitter indexing warning: Tree-sitter failed for src/codeintel/ingestion/adapters/filesystem_discovery.py: Invalid syntax at row 0, column 19
2026-01-06 03:02:55,228 WARNING codeintel.build.hamilton.native.ingestion.tree_sitter Tree-sitter indexing warning: Tree-sitter failed for src/codeintel/ingestion/adapters/hash_change_detection.py: Invalid syntax at row 0, column 19
2026-01-06 03:02:55,228 WARNING codeintel.build.hamilton.native.ingestion.tree_sitter Tree-sitter indexing warning: Tree-sitter failed for src/codeintel/ingestion/adapters/tool_runner.py: Invalid syntax at row 0, column 19
2026-01-06 03:02:55,228 WARNING codeintel.build.hamilton.native.ingestion.tree_sitter Tree-sitter indexing warning: Tree-sitter failed for src/codeintel/ingestion/compute/__init__.py: Invalid syntax at row 0, column 19
2026-01-06 03:02:55,228 WARNING codeintel.build.hamilton.native.ingestion.tree_sitter Tree-sitter indexing warning: Tree-sitter failed for src/codeintel/ingestion/compute/ast_extract.py: Invalid syntax at row 0, column 19
2026-01-06 03:02:55,228 WARNING codeintel.build.hamilton.native.ingestion.tree_sitter Tree-sitter indexing warning: Tree-sitter failed for src/codeintel/ingestion/compute/base.py: Invalid syntax at row 0, column 19
2026-01-06 03:02:55,228 WARNING codeintel.build.hamilton.native.ingestion.tree_sitter Tree-sitter indexing warning: Tree-sitter failed for src/codeintel/ingestion/compute/config_ingest.py: Invalid syntax at row 0, column 19
2026-01-06 03:02:55,228 WARNING codeintel.build.hamilton.native.ingestion.tree_sitter Tree-sitter indexing warning: Tree-sitter failed for src/codeintel/ingestion/compute/cst_extract.py: Invalid syntax at row 0, column 19
2026-01-06 03:02:55,228 WARNING codeintel.build.hamilton.native.ingestion.tree_sitter Tree-sitter indexing warning: Tree-sitter failed for src/codeintel/ingestion/compute/dis_extract.py: Invalid syntax at row 0, column 19
2026-01-06 03:02:55,228 WARNING codeintel.build.hamilton.native.ingestion.tree_sitter Tree-sitter indexing warning: Tree-sitter failed for src/codeintel/ingestion/compute/docstrings_extract.py: Invalid syntax at row 0, column 19
2026-01-06 03:02:55,228 WARNING codeintel.build.hamilton.native.ingestion.tree_sitter Tree-sitter indexing warning: Tree-sitter failed for src/codeintel/ingestion/compute/inspect_extract.py: Invalid syntax at row 0, column 19
2026-01-06 03:02:55,228 WARNING codeintel.build.hamilton.native.ingestion.tree_sitter Tree-sitter indexing warning: Tree-sitter failed for src/codeintel/ingestion/compute/repo_scan.py: Invalid syntax at row 0, column 19
2026-01-06 03:02:55,228 WARNING codeintel.build.hamilton.native.ingestion.tree_sitter Tree-sitter indexing warning: Tree-sitter failed for src/codeintel/ingestion/compute/symtable_extract.py: Invalid syntax at row 0, column 19
2026-01-06 03:02:55,228 WARNING codeintel.build.hamilton.native.ingestion.tree_sitter Tree-sitter indexing warning: Tree-sitter failed for src/codeintel/ingestion/compute/tests_ingest.py: Invalid syntax at row 0, column 19
2026-01-06 03:02:55,228 WARNING codeintel.build.hamilton.native.ingestion.tree_sitter Tree-sitter indexing warning: Tree-sitter failed for src/codeintel/ingestion/compute/tree_sitter_index.py: Invalid syntax at row 0, column 19
2026-01-06 03:02:55,228 WARNING codeintel.build.hamilton.native.ingestion.tree_sitter Tree-sitter indexing warning: Tree-sitter failed for src/codeintel/ingestion/compute/typing_ingest.py: Invalid syntax at row 0, column 19
2026-01-06 03:02:55,228 WARNING codeintel.build.hamilton.native.ingestion.tree_sitter Tree-sitter indexing warning: Tree-sitter failed for src/codeintel/ingestion/engine/__init__.py: Invalid syntax at row 0, column 19
2026-01-06 03:02:55,228 WARNING codeintel.build.hamilton.native.ingestion.tree_sitter Tree-sitter indexing warning: Tree-sitter failed for src/codeintel/ingestion/engine/_scip_resolver.py: Invalid syntax at row 0, column 19
2026-01-06 03:02:55,228 WARNING codeintel.build.hamilton.native.ingestion.tree_sitter Tree-sitter indexing warning: Tree-sitter failed for src/codeintel/ingestion/engine/capabilities.py: Invalid syntax at row 0, column 19
2026-01-06 03:02:55,228 WARNING codeintel.build.hamilton.native.ingestion.tree_sitter Tree-sitter indexing warning: Tree-sitter failed for src/codeintel/ingestion/engine/infrastructure/__init__.py: Invalid syntax at row 0, column 19
2026-01-06 03:02:55,228 WARNING codeintel.build.hamilton.native.ingestion.tree_sitter Tree-sitter indexing warning: Tree-sitter failed for src/codeintel/ingestion/engine/infrastructure/runner.py: Invalid syntax at row 0, column 19
2026-01-06 03:02:55,228 WARNING codeintel.build.hamilton.native.ingestion.tree_sitter Tree-sitter indexing warning: Tree-sitter failed for src/codeintel/ingestion/engine/plugins.py: Invalid syntax at row 0, column 19
2026-01-06 03:02:55,228 WARNING codeintel.build.hamilton.native.ingestion.tree_sitter Tree-sitter indexing warning: Tree-sitter failed for src/codeintel/ingestion/engine/pyrefly.py: Invalid syntax at row 0, column 19
2026-01-06 03:02:55,228 WARNING codeintel.build.hamilton.native.ingestion.tree_sitter Tree-sitter indexing warning: Tree-sitter failed for src/codeintel/ingestion/engine/pyright.py: Invalid syntax at row 0, column 19
2026-01-06 03:02:55,228 WARNING codeintel.build.hamilton.native.ingestion.tree_sitter Tree-sitter indexing warning: Tree-sitter failed for src/codeintel/ingestion/engine/pytest.py: Invalid syntax at row 0, column 19
2026-01-06 03:02:55,229 WARNING codeintel.build.hamilton.native.ingestion.tree_sitter Tree-sitter indexing warning: Tree-sitter failed for src/codeintel/ingestion/engine/results.py: Invalid syntax at row 0, column 19
2026-01-06 03:02:55,229 WARNING codeintel.build.hamilton.native.ingestion.tree_sitter Tree-sitter indexing warning: Tree-sitter failed for src/codeintel/ingestion/engine/ruff.py: Invalid syntax at row 0, column 19
2026-01-06 03:02:55,229 WARNING codeintel.build.hamilton.native.ingestion.tree_sitter Tree-sitter indexing warning: Tree-sitter failed for src/codeintel/ingestion/engine/scip.py: Invalid syntax at row 0, column 19
2026-01-06 03:02:55,229 WARNING codeintel.build.hamilton.native.ingestion.tree_sitter Tree-sitter indexing warning: Tree-sitter failed for src/codeintel/ingestion/engine/service.py: Invalid syntax at row 0, column 19
2026-01-06 03:02:55,229 WARNING codeintel.build.hamilton.native.ingestion.tree_sitter Tree-sitter indexing warning: Tree-sitter failed for src/codeintel/ingestion/engine/status.py: Invalid syntax at row 0, column 19
2026-01-06 03:02:55,229 WARNING codeintel.build.hamilton.native.ingestion.tree_sitter Tree-sitter indexing warning: Tree-sitter failed for src/codeintel/ingestion/infrastructure/__init__.py: Invalid syntax at row 0, column 19
2026-01-06 03:02:55,229 WARNING codeintel.build.hamilton.native.ingestion.tree_sitter Tree-sitter indexing warning: Tree-sitter failed for src/codeintel/ingestion/infrastructure/ast_facts.py: Invalid syntax at row 0, column 19
2026-01-06 03:02:55,229 WARNING codeintel.build.hamilton.native.ingestion.tree_sitter Tree-sitter indexing warning: Tree-sitter failed for src/codeintel/ingestion/infrastructure/ast_utils.py: Invalid syntax at row 0, column 19
2026-01-06 03:02:55,229 WARNING codeintel.build.hamilton.native.ingestion.tree_sitter Tree-sitter indexing warning: Tree-sitter failed for src/codeintel/ingestion/infrastructure/cst_utils.py: Invalid syntax at row 0, column 19
2026-01-06 03:02:55,229 WARNING codeintel.build.hamilton.native.ingestion.tree_sitter Tree-sitter indexing warning: Tree-sitter failed for src/codeintel/ingestion/infrastructure/py_frontend.py: Invalid syntax at row 0, column 19
2026-01-06 03:02:55,229 WARNING codeintel.build.hamilton.native.ingestion.tree_sitter Tree-sitter indexing warning: Tree-sitter failed for src/codeintel/ingestion/infrastructure/scanning.py: Invalid syntax at row 0, column 19
2026-01-06 03:02:55,229 WARNING codeintel.build.hamilton.native.ingestion.tree_sitter Tree-sitter indexing warning: Tree-sitter failed for src/codeintel/ingestion/ports/__init__.py: Invalid syntax at row 0, column 19
2026-01-06 03:02:55,229 WARNING codeintel.build.hamilton.native.ingestion.tree_sitter Tree-sitter indexing warning: Tree-sitter failed for src/codeintel/ingestion/ports/change_detection.py: Invalid syntax at row 0, column 19
2026-01-06 03:02:55,229 WARNING codeintel.build.hamilton.native.ingestion.tree_sitter Tree-sitter indexing warning: Tree-sitter failed for src/codeintel/ingestion/ports/discovery.py: Invalid syntax at row 0, column 19
2026-01-06 03:02:55,229 WARNING codeintel.build.hamilton.native.ingestion.tree_sitter Tree-sitter indexing warning: Tree-sitter failed for src/codeintel/ingestion/ports/storage.py: Invalid syntax at row 0, column 19
2026-01-06 03:02:55,229 WARNING codeintel.build.hamilton.native.ingestion.tree_sitter Tree-sitter indexing warning: Tree-sitter failed for src/codeintel/ingestion/ports/tools.py: Invalid syntax at row 0, column 19
2026-01-06 03:02:55,229 WARNING codeintel.build.hamilton.native.ingestion.tree_sitter Tree-sitter indexing warning: Tree-sitter failed for src/codeintel/ingestion/scip/__init__.py: Invalid syntax at row 0, column 19
2026-01-06 03:02:55,229 WARNING codeintel.build.hamilton.native.ingestion.tree_sitter Tree-sitter indexing warning: Tree-sitter failed for src/codeintel/ingestion/scip/cli.py: Invalid syntax at row 0, column 19
2026-01-06 03:02:55,229 WARNING codeintel.build.hamilton.native.ingestion.tree_sitter Tree-sitter indexing warning: Tree-sitter failed for src/codeintel/ingestion/scip/hash_resolver.py: Invalid syntax at row 0, column 19
2026-01-06 03:02:55,229 WARNING codeintel.build.hamilton.native.ingestion.tree_sitter Tree-sitter indexing warning: Tree-sitter failed for src/codeintel/ingestion/scip/incremental.py: Invalid syntax at row 0, column 19
2026-01-06 03:02:55,229 WARNING codeintel.build.hamilton.native.ingestion.tree_sitter Tree-sitter indexing warning: Tree-sitter failed for src/codeintel/ingestion/scip/index_store.py: Invalid syntax at row 0, column 19
2026-01-06 03:02:55,229 WARNING codeintel.build.hamilton.native.ingestion.tree_sitter Tree-sitter indexing warning: Tree-sitter failed for src/codeintel/ingestion/scip/manifest.py: Invalid syntax at row 0, column 19
2026-01-06 03:02:55,229 WARNING codeintel.build.hamilton.native.ingestion.tree_sitter Tree-sitter indexing warning: Tree-sitter failed for src/codeintel/ingestion/scip/models.py: Invalid syntax at row 0, column 19
2026-01-06 03:02:55,229 WARNING codeintel.build.hamilton.native.ingestion.tree_sitter Tree-sitter indexing warning: Tree-sitter failed for src/codeintel/ingestion/scip/paths.py: Invalid syntax at row 0, column 19
2026-01-06 03:02:55,229 WARNING codeintel.build.hamilton.native.ingestion.tree_sitter Tree-sitter indexing warning: Tree-sitter failed for src/codeintel/ingestion/scip/policy.py: Invalid syntax at row 0, column 19
2026-01-06 03:02:55,229 WARNING codeintel.build.hamilton.native.ingestion.tree_sitter Tree-sitter indexing warning: Tree-sitter failed for src/codeintel/ingestion/scip/proto/__init__.py: Invalid syntax at row 0, column 19
2026-01-06 03:02:55,229 WARNING codeintel.build.hamilton.native.ingestion.tree_sitter Tree-sitter indexing warning: Tree-sitter failed for src/codeintel/ingestion/scip/proto_types.py: Invalid syntax at row 0, column 19
2026-01-06 03:02:55,229 WARNING codeintel.build.hamilton.native.ingestion.tree_sitter Tree-sitter indexing warning: Tree-sitter failed for src/codeintel/ingestion/scip/protobuf_parser.py: Invalid syntax at row 0, column 19
2026-01-06 03:02:55,229 WARNING codeintel.build.hamilton.native.ingestion.tree_sitter Tree-sitter indexing warning: Tree-sitter failed for src/codeintel/ingestion/scip/rows.py: Invalid syntax at row 0, column 19
2026-01-06 03:02:55,229 WARNING codeintel.build.hamilton.native.ingestion.tree_sitter Tree-sitter indexing warning: Tree-sitter failed for src/codeintel/ingestion/scip/telemetry.py: Invalid syntax at row 0, column 19
2026-01-06 03:02:55,229 WARNING codeintel.build.hamilton.native.ingestion.tree_sitter Tree-sitter indexing warning: Tree-sitter failed for src/codeintel/ingestion/tree_sitter/__init__.py: Invalid syntax at row 0, column 19
2026-01-06 03:02:55,229 WARNING codeintel.build.hamilton.native.ingestion.tree_sitter Tree-sitter indexing warning: Tree-sitter failed for src/codeintel/ingestion/tree_sitter/registry.py: Invalid syntax at row 0, column 19
2026-01-06 03:02:55,229 WARNING codeintel.build.hamilton.native.ingestion.tree_sitter Tree-sitter indexing warning: Tree-sitter failed for src/codeintel/ingestion/tree_sitter/runner.py: Invalid syntax at row 0, column 19
2026-01-06 03:02:55,229 WARNING codeintel.build.hamilton.native.ingestion.tree_sitter Tree-sitter indexing warning: Tree-sitter failed for src/codeintel/ingestion/tree_sitter/types.py: Invalid syntax at row 0, column 19
2026-01-06 03:02:55,229 WARNING codeintel.build.hamilton.native.ingestion.tree_sitter Tree-sitter indexing warning: Tree-sitter failed for src/codeintel/observability/__init__.py: Invalid syntax at row 0, column 19
2026-01-06 03:02:55,229 WARNING codeintel.build.hamilton.native.ingestion.tree_sitter Tree-sitter indexing warning: Tree-sitter failed for src/codeintel/observability/attribute_sanitizer.py: Invalid syntax at row 0, column 19
2026-01-06 03:02:55,229 WARNING codeintel.build.hamilton.native.ingestion.tree_sitter Tree-sitter indexing warning: Tree-sitter failed for src/codeintel/observability/attribute_schema.py: Invalid syntax at row 0, column 19
2026-01-06 03:02:55,229 WARNING codeintel.build.hamilton.native.ingestion.tree_sitter Tree-sitter indexing warning: Tree-sitter failed for src/codeintel/observability/cache_log_ingest.py: Invalid syntax at row 0, column 19
2026-01-06 03:02:55,229 WARNING codeintel.build.hamilton.native.ingestion.tree_sitter Tree-sitter indexing warning: Tree-sitter failed for src/codeintel/observability/cli.py: Invalid syntax at row 0, column 19
2026-01-06 03:02:55,229 WARNING codeintel.build.hamilton.native.ingestion.tree_sitter Tree-sitter indexing warning: Tree-sitter failed for src/codeintel/observability/config_loader.py: Invalid syntax at row 0, column 19
2026-01-06 03:02:55,229 WARNING codeintel.build.hamilton.native.ingestion.tree_sitter Tree-sitter indexing warning: Tree-sitter failed for src/codeintel/observability/db_span_emitter.py: Invalid syntax at row 0, column 19
2026-01-06 03:02:55,229 WARNING codeintel.build.hamilton.native.ingestion.tree_sitter Tree-sitter indexing warning: Tree-sitter failed for src/codeintel/observability/db_tracing.py: Invalid syntax at row 0, column 19
2026-01-06 03:02:55,229 WARNING codeintel.build.hamilton.native.ingestion.tree_sitter Tree-sitter indexing warning: Tree-sitter failed for src/codeintel/observability/duckdb_tracing.py: Invalid syntax at row 0, column 19
2026-01-06 03:02:55,229 WARNING codeintel.build.hamilton.native.ingestion.tree_sitter Tree-sitter indexing warning: Tree-sitter failed for src/codeintel/observability/events.py: Invalid syntax at row 0, column 19
2026-01-06 03:02:55,229 WARNING codeintel.build.hamilton.native.ingestion.tree_sitter Tree-sitter indexing warning: Tree-sitter failed for src/codeintel/observability/grpc.py: Invalid syntax at row 0, column 19
2026-01-06 03:02:55,229 WARNING codeintel.build.hamilton.native.ingestion.tree_sitter Tree-sitter indexing warning: Tree-sitter failed for src/codeintel/observability/instrument_cache.py: Invalid syntax at row 0, column 19
2026-01-06 03:02:55,229 WARNING codeintel.build.hamilton.native.ingestion.tree_sitter Tree-sitter indexing warning: Tree-sitter failed for src/codeintel/observability/instrument_registry.py: Invalid syntax at row 0, column 19
2026-01-06 03:02:55,229 WARNING codeintel.build.hamilton.native.ingestion.tree_sitter Tree-sitter indexing warning: Tree-sitter failed for src/codeintel/observability/instrumentation_registry.py: Invalid syntax at row 0, column 19
2026-01-06 03:02:55,229 WARNING codeintel.build.hamilton.native.ingestion.tree_sitter Tree-sitter indexing warning: Tree-sitter failed for src/codeintel/observability/lifecycle.py: Invalid syntax at row 0, column 19
2026-01-06 03:02:55,229 WARNING codeintel.build.hamilton.native.ingestion.tree_sitter Tree-sitter indexing warning: Tree-sitter failed for src/codeintel/observability/mcp.py: Invalid syntax at row 0, column 19
2026-01-06 03:02:55,229 WARNING codeintel.build.hamilton.native.ingestion.tree_sitter Tree-sitter indexing warning: Tree-sitter failed for src/codeintel/observability/operation_scope.py: Invalid syntax at row 0, column 19
2026-01-06 03:02:55,229 WARNING codeintel.build.hamilton.native.ingestion.tree_sitter Tree-sitter indexing warning: Tree-sitter failed for src/codeintel/observability/policy.py: Invalid syntax at row 0, column 19
2026-01-06 03:02:55,229 WARNING codeintel.build.hamilton.native.ingestion.tree_sitter Tree-sitter indexing warning: Tree-sitter failed for src/codeintel/observability/runtime.py: Invalid syntax at row 0, column 19
2026-01-06 03:02:55,229 WARNING codeintel.build.hamilton.native.ingestion.tree_sitter Tree-sitter indexing warning: Tree-sitter failed for src/codeintel/observability/runtime_registry.py: Invalid syntax at row 0, column 19
2026-01-06 03:02:55,229 WARNING codeintel.build.hamilton.native.ingestion.tree_sitter Tree-sitter indexing warning: Tree-sitter failed for src/codeintel/observability/semconv.py: Invalid syntax at row 0, column 19
2026-01-06 03:02:55,229 WARNING codeintel.build.hamilton.native.ingestion.tree_sitter Tree-sitter indexing warning: Tree-sitter failed for src/codeintel/observability/semconv_keys.py: Invalid syntax at row 0, column 19
2026-01-06 03:02:55,229 WARNING codeintel.build.hamilton.native.ingestion.tree_sitter Tree-sitter indexing warning: Tree-sitter failed for src/codeintel/observability/structured_logging.py: Invalid syntax at row 0, column 19
2026-01-06 03:02:55,229 WARNING codeintel.build.hamilton.native.ingestion.tree_sitter Tree-sitter indexing warning: Tree-sitter failed for src/codeintel/observability/teardown.py: Invalid syntax at row 0, column 19
2026-01-06 03:02:55,229 WARNING codeintel.build.hamilton.native.ingestion.tree_sitter Tree-sitter indexing warning: Tree-sitter failed for src/codeintel/observability/telemetry_context.py: Invalid syntax at row 0, column 19
2026-01-06 03:02:55,229 WARNING codeintel.build.hamilton.native.ingestion.tree_sitter Tree-sitter indexing warning: Tree-sitter failed for src/codeintel/observability/test_mode.py: Invalid syntax at row 0, column 19
2026-01-06 03:02:55,229 WARNING codeintel.build.hamilton.native.ingestion.tree_sitter Tree-sitter indexing warning: Tree-sitter failed for src/codeintel/runtime/__init__.py: Invalid syntax at row 0, column 19
2026-01-06 03:02:55,229 WARNING codeintel.build.hamilton.native.ingestion.tree_sitter Tree-sitter indexing warning: Tree-sitter failed for src/codeintel/runtime/compose.py: Invalid syntax at row 0, column 19
2026-01-06 03:02:55,229 WARNING codeintel.build.hamilton.native.ingestion.tree_sitter Tree-sitter indexing warning: Tree-sitter failed for src/codeintel/runtime/inputs.py: Invalid syntax at row 0, column 19
2026-01-06 03:02:55,229 WARNING codeintel.build.hamilton.native.ingestion.tree_sitter Tree-sitter indexing warning: Tree-sitter failed for src/codeintel/runtime/module_resolver.py: Invalid syntax at row 0, column 19
2026-01-06 03:02:55,229 WARNING codeintel.build.hamilton.native.ingestion.tree_sitter Tree-sitter indexing warning: Tree-sitter failed for src/codeintel/runtime/plugins/__init__.py: Invalid syntax at row 0, column 19
2026-01-06 03:02:55,229 WARNING codeintel.build.hamilton.native.ingestion.tree_sitter Tree-sitter indexing warning: Tree-sitter failed for src/codeintel/runtime/plugins/config.py: Invalid syntax at row 0, column 19
2026-01-06 03:02:55,229 WARNING codeintel.build.hamilton.native.ingestion.tree_sitter Tree-sitter indexing warning: Tree-sitter failed for src/codeintel/runtime/plugins/loader.py: Invalid syntax at row 0, column 19
2026-01-06 03:02:55,229 WARNING codeintel.build.hamilton.native.ingestion.tree_sitter Tree-sitter indexing warning: Tree-sitter failed for src/codeintel/runtime/plugins/spec.py: Invalid syntax at row 0, column 19
2026-01-06 03:02:55,229 WARNING codeintel.build.hamilton.native.ingestion.tree_sitter Tree-sitter indexing warning: Tree-sitter failed for src/codeintel/runtime/registry.py: Invalid syntax at row 0, column 19
2026-01-06 03:02:55,229 WARNING codeintel.build.hamilton.native.ingestion.tree_sitter Tree-sitter indexing warning: Tree-sitter failed for src/codeintel/runtime/registry_service.py: Invalid syntax at row 0, column 19
2026-01-06 03:02:55,229 WARNING codeintel.build.hamilton.native.ingestion.tree_sitter Tree-sitter indexing warning: Tree-sitter failed for src/codeintel/runtime/runtime_bundle.py: Invalid syntax at row 0, column 19
2026-01-06 03:02:55,229 WARNING codeintel.build.hamilton.native.ingestion.tree_sitter Tree-sitter indexing warning: Tree-sitter failed for src/codeintel/sdk/__init__.py: Invalid syntax at row 0, column 19
2026-01-06 03:02:55,229 WARNING codeintel.build.hamilton.native.ingestion.tree_sitter Tree-sitter indexing warning: Tree-sitter failed for src/codeintel/sdk/annotations.py: Invalid syntax at row 0, column 19
2026-01-06 03:02:55,229 WARNING codeintel.build.hamilton.native.ingestion.tree_sitter Tree-sitter indexing warning: Tree-sitter failed for src/codeintel/sdk/columns.py: Invalid syntax at row 0, column 19
2026-01-06 03:02:55,229 WARNING codeintel.build.hamilton.native.ingestion.tree_sitter Tree-sitter indexing warning: Tree-sitter failed for src/codeintel/sdk/io.py: Invalid syntax at row 0, column 19
2026-01-06 03:02:55,229 WARNING codeintel.build.hamilton.native.ingestion.tree_sitter Tree-sitter indexing warning: Tree-sitter failed for src/codeintel/sdk/save_to.py: Invalid syntax at row 0, column 19
2026-01-06 03:02:55,229 WARNING codeintel.build.hamilton.native.ingestion.tree_sitter Tree-sitter indexing warning: Tree-sitter failed for src/codeintel/sdk/tags.py: Invalid syntax at row 0, column 19
2026-01-06 03:02:55,229 WARNING codeintel.build.hamilton.native.ingestion.tree_sitter Tree-sitter indexing warning: Tree-sitter failed for src/codeintel/sdk/target.py: Invalid syntax at row 0, column 19
2026-01-06 03:02:55,229 WARNING codeintel.build.hamilton.native.ingestion.tree_sitter Tree-sitter indexing warning: Tree-sitter failed for src/codeintel/sdk/validation.py: Invalid syntax at row 0, column 19
2026-01-06 03:02:55,229 WARNING codeintel.build.hamilton.native.ingestion.tree_sitter Tree-sitter indexing warning: Tree-sitter failed for src/codeintel/serving/__init__.py: Invalid syntax at row 0, column 19
2026-01-06 03:02:55,229 WARNING codeintel.build.hamilton.native.ingestion.tree_sitter Tree-sitter indexing warning: Tree-sitter failed for src/codeintel/serving/auth/__init__.py: Invalid syntax at row 0, column 19
2026-01-06 03:02:55,229 WARNING codeintel.build.hamilton.native.ingestion.tree_sitter Tree-sitter indexing warning: Tree-sitter failed for src/codeintel/serving/auth/policy.py: Invalid syntax at row 0, column 19
2026-01-06 03:02:55,229 WARNING codeintel.build.hamilton.native.ingestion.tree_sitter Tree-sitter indexing warning: Tree-sitter failed for src/codeintel/serving/config.py: Invalid syntax at row 0, column 19
2026-01-06 03:02:55,229 WARNING codeintel.build.hamilton.native.ingestion.tree_sitter Tree-sitter indexing warning: Tree-sitter failed for src/codeintel/serving/contracts/__init__.py: Invalid syntax at row 0, column 19
2026-01-06 03:02:55,229 WARNING codeintel.build.hamilton.native.ingestion.tree_sitter Tree-sitter indexing warning: Tree-sitter failed for src/codeintel/serving/contracts/check_operation_contracts.py: Invalid syntax at row 0, column 19
2026-01-06 03:02:55,229 WARNING codeintel.build.hamilton.native.ingestion.tree_sitter Tree-sitter indexing warning: Tree-sitter failed for src/codeintel/serving/contracts/http_routes.py: Invalid syntax at row 0, column 19
2026-01-06 03:02:55,229 WARNING codeintel.build.hamilton.native.ingestion.tree_sitter Tree-sitter indexing warning: Tree-sitter failed for src/codeintel/serving/db/__init__.py: Invalid syntax at row 0, column 19
2026-01-06 03:02:55,229 WARNING codeintel.build.hamilton.native.ingestion.tree_sitter Tree-sitter indexing warning: Tree-sitter failed for src/codeintel/serving/db/manager.py: Invalid syntax at row 0, column 19
2026-01-06 03:02:55,229 WARNING codeintel.build.hamilton.native.ingestion.tree_sitter Tree-sitter indexing warning: Tree-sitter failed for src/codeintel/serving/db/pointer.py: Invalid syntax at row 0, column 19
2026-01-06 03:02:55,229 WARNING codeintel.build.hamilton.native.ingestion.tree_sitter Tree-sitter indexing warning: Tree-sitter failed for src/codeintel/serving/errors/__init__.py: Invalid syntax at row 0, column 19
2026-01-06 03:02:55,229 WARNING codeintel.build.hamilton.native.ingestion.tree_sitter Tree-sitter indexing warning: Tree-sitter failed for src/codeintel/serving/errors/catalog.py: Invalid syntax at row 0, column 19
2026-01-06 03:02:55,229 WARNING codeintel.build.hamilton.native.ingestion.tree_sitter Tree-sitter indexing warning: Tree-sitter failed for src/codeintel/serving/errors/exceptions.py: Invalid syntax at row 0, column 19
2026-01-06 03:02:55,229 WARNING codeintel.build.hamilton.native.ingestion.tree_sitter Tree-sitter indexing warning: Tree-sitter failed for src/codeintel/serving/errors/mapping.py: Invalid syntax at row 0, column 19
2026-01-06 03:02:55,229 WARNING codeintel.build.hamilton.native.ingestion.tree_sitter Tree-sitter indexing warning: Tree-sitter failed for src/codeintel/serving/errors/models.py: Invalid syntax at row 0, column 19
2026-01-06 03:02:55,229 WARNING codeintel.build.hamilton.native.ingestion.tree_sitter Tree-sitter indexing warning: Tree-sitter failed for src/codeintel/serving/errors/problem_adapter.py: Invalid syntax at row 0, column 19
2026-01-06 03:02:55,229 WARNING codeintel.build.hamilton.native.ingestion.tree_sitter Tree-sitter indexing warning: Tree-sitter failed for src/codeintel/serving/errors/templates.py: Invalid syntax at row 0, column 19
2026-01-06 03:02:55,229 WARNING codeintel.build.hamilton.native.ingestion.tree_sitter Tree-sitter indexing warning: Tree-sitter failed for src/codeintel/serving/export/__init__.py: Invalid syntax at row 0, column 19
2026-01-06 03:02:55,229 WARNING codeintel.build.hamilton.native.ingestion.tree_sitter Tree-sitter indexing warning: Tree-sitter failed for src/codeintel/serving/export/engine.py: Invalid syntax at row 0, column 19
2026-01-06 03:02:55,229 WARNING codeintel.build.hamilton.native.ingestion.tree_sitter Tree-sitter indexing warning: Tree-sitter failed for src/codeintel/serving/export/formats.py: Invalid syntax at row 0, column 19
2026-01-06 03:02:55,229 WARNING codeintel.build.hamilton.native.ingestion.tree_sitter Tree-sitter indexing warning: Tree-sitter failed for src/codeintel/serving/export/meta.py: Invalid syntax at row 0, column 19
2026-01-06 03:02:55,229 WARNING codeintel.build.hamilton.native.ingestion.tree_sitter Tree-sitter indexing warning: Tree-sitter failed for src/codeintel/serving/export/models.py: Invalid syntax at row 0, column 19
2026-01-06 03:02:55,229 WARNING codeintel.build.hamilton.native.ingestion.tree_sitter Tree-sitter indexing warning: Tree-sitter failed for src/codeintel/serving/export/ndjson.py: Invalid syntax at row 0, column 19
2026-01-06 03:02:55,229 WARNING codeintel.build.hamilton.native.ingestion.tree_sitter Tree-sitter indexing warning: Tree-sitter failed for src/codeintel/serving/features.py: Invalid syntax at row 0, column 19
2026-01-06 03:02:55,229 WARNING codeintel.build.hamilton.native.ingestion.tree_sitter Tree-sitter indexing warning: Tree-sitter failed for src/codeintel/serving/http/__init__.py: Invalid syntax at row 0, column 19
2026-01-06 03:02:55,229 WARNING codeintel.build.hamilton.native.ingestion.tree_sitter Tree-sitter indexing warning: Tree-sitter failed for src/codeintel/serving/http/app.py: Invalid syntax at row 0, column 19
2026-01-06 03:02:55,229 WARNING codeintel.build.hamilton.native.ingestion.tree_sitter Tree-sitter indexing warning: Tree-sitter failed for src/codeintel/serving/http/dependencies.py: Invalid syntax at row 0, column 19
2026-01-06 03:02:55,229 WARNING codeintel.build.hamilton.native.ingestion.tree_sitter Tree-sitter indexing warning: Tree-sitter failed for src/codeintel/serving/http/errors.py: Invalid syntax at row 0, column 19
2026-01-06 03:02:55,229 WARNING codeintel.build.hamilton.native.ingestion.tree_sitter Tree-sitter indexing warning: Tree-sitter failed for src/codeintel/serving/http/export_dispatch.py: Invalid syntax at row 0, column 19
2026-01-06 03:02:55,229 WARNING codeintel.build.hamilton.native.ingestion.tree_sitter Tree-sitter indexing warning: Tree-sitter failed for src/codeintel/serving/http/middleware.py: Invalid syntax at row 0, column 19
2026-01-06 03:02:55,229 WARNING codeintel.build.hamilton.native.ingestion.tree_sitter Tree-sitter indexing warning: Tree-sitter failed for src/codeintel/serving/http/route_utils.py: Invalid syntax at row 0, column 19
2026-01-06 03:02:55,230 WARNING codeintel.build.hamilton.native.ingestion.tree_sitter Tree-sitter indexing warning: Tree-sitter failed for src/codeintel/serving/http/routes/__init__.py: Invalid syntax at row 0, column 19
2026-01-06 03:02:55,230 WARNING codeintel.build.hamilton.native.ingestion.tree_sitter Tree-sitter indexing warning: Tree-sitter failed for src/codeintel/serving/http/routes/v1/__init__.py: Invalid syntax at row 0, column 19
2026-01-06 03:02:55,230 WARNING codeintel.build.hamilton.native.ingestion.tree_sitter Tree-sitter indexing warning: Tree-sitter failed for src/codeintel/serving/http/routes/v1/export.py: Invalid syntax at row 0, column 19
2026-01-06 03:02:55,230 WARNING codeintel.build.hamilton.native.ingestion.tree_sitter Tree-sitter indexing warning: Tree-sitter failed for src/codeintel/serving/http/routes/v1/search.py: Invalid syntax at row 0, column 19
2026-01-06 03:02:55,230 WARNING codeintel.build.hamilton.native.ingestion.tree_sitter Tree-sitter indexing warning: Tree-sitter failed for src/codeintel/serving/http/routes/v1/semantic.py: Invalid syntax at row 0, column 19
2026-01-06 03:02:55,230 WARNING codeintel.build.hamilton.native.ingestion.tree_sitter Tree-sitter indexing warning: Tree-sitter failed for src/codeintel/serving/http/state.py: Invalid syntax at row 0, column 19
2026-01-06 03:02:55,230 WARNING codeintel.build.hamilton.native.ingestion.tree_sitter Tree-sitter indexing warning: Tree-sitter failed for src/codeintel/serving/http/streaming.py: Invalid syntax at row 0, column 19
2026-01-06 03:02:55,230 WARNING codeintel.build.hamilton.native.ingestion.tree_sitter Tree-sitter indexing warning: Tree-sitter failed for src/codeintel/serving/mcp/__init__.py: Invalid syntax at row 0, column 19
2026-01-06 03:02:55,230 WARNING codeintel.build.hamilton.native.ingestion.tree_sitter Tree-sitter indexing warning: Tree-sitter failed for src/codeintel/serving/mcp/app.py: Invalid syntax at row 0, column 19
2026-01-06 03:02:55,230 WARNING codeintel.build.hamilton.native.ingestion.tree_sitter Tree-sitter indexing warning: Tree-sitter failed for src/codeintel/serving/mcp/export_dispatch.py: Invalid syntax at row 0, column 19
2026-01-06 03:02:55,230 WARNING codeintel.build.hamilton.native.ingestion.tree_sitter Tree-sitter indexing warning: Tree-sitter failed for src/codeintel/serving/mcp/middleware_errors.py: Invalid syntax at row 0, column 19
2026-01-06 03:02:55,230 WARNING codeintel.build.hamilton.native.ingestion.tree_sitter Tree-sitter indexing warning: Tree-sitter failed for src/codeintel/serving/mcp/middleware_stack.py: Invalid syntax at row 0, column 19
2026-01-06 03:02:55,230 WARNING codeintel.build.hamilton.native.ingestion.tree_sitter Tree-sitter indexing warning: Tree-sitter failed for src/codeintel/serving/mcp/models/__init__.py: Invalid syntax at row 0, column 19
2026-01-06 03:02:55,230 WARNING codeintel.build.hamilton.native.ingestion.tree_sitter Tree-sitter indexing warning: Tree-sitter failed for src/codeintel/serving/mcp/models/exports.py: Invalid syntax at row 0, column 19
2026-01-06 03:02:55,230 WARNING codeintel.build.hamilton.native.ingestion.tree_sitter Tree-sitter indexing warning: Tree-sitter failed for src/codeintel/serving/mcp/models/primitives.py: Invalid syntax at row 0, column 19
2026-01-06 03:02:55,230 WARNING codeintel.build.hamilton.native.ingestion.tree_sitter Tree-sitter indexing warning: Tree-sitter failed for src/codeintel/serving/mcp/models/requests.py: Invalid syntax at row 0, column 19
2026-01-06 03:02:55,230 WARNING codeintel.build.hamilton.native.ingestion.tree_sitter Tree-sitter indexing warning: Tree-sitter failed for src/codeintel/serving/mcp/models/semantic.py: Invalid syntax at row 0, column 19
2026-01-06 03:02:55,230 WARNING codeintel.build.hamilton.native.ingestion.tree_sitter Tree-sitter indexing warning: Tree-sitter failed for src/codeintel/serving/mcp/prompts.py: Invalid syntax at row 0, column 19
2026-01-06 03:02:55,230 WARNING codeintel.build.hamilton.native.ingestion.tree_sitter Tree-sitter indexing warning: Tree-sitter failed for src/codeintel/serving/mcp/protocols.py: Invalid syntax at row 0, column 19
2026-01-06 03:02:55,230 WARNING codeintel.build.hamilton.native.ingestion.tree_sitter Tree-sitter indexing warning: Tree-sitter failed for src/codeintel/serving/mcp/resource_store.py: Invalid syntax at row 0, column 19
2026-01-06 03:02:55,230 WARNING codeintel.build.hamilton.native.ingestion.tree_sitter Tree-sitter indexing warning: Tree-sitter failed for src/codeintel/serving/mcp/resources/__init__.py: Invalid syntax at row 0, column 19
2026-01-06 03:02:55,230 WARNING codeintel.build.hamilton.native.ingestion.tree_sitter Tree-sitter indexing warning: Tree-sitter failed for src/codeintel/serving/mcp/resources/exports.py: Invalid syntax at row 0, column 19
2026-01-06 03:02:55,230 WARNING codeintel.build.hamilton.native.ingestion.tree_sitter Tree-sitter indexing warning: Tree-sitter failed for src/codeintel/serving/mcp/resources/meta.py: Invalid syntax at row 0, column 19
2026-01-06 03:02:55,230 WARNING codeintel.build.hamilton.native.ingestion.tree_sitter Tree-sitter indexing warning: Tree-sitter failed for src/codeintel/serving/mcp/runtime.py: Invalid syntax at row 0, column 19
2026-01-06 03:02:55,230 WARNING codeintel.build.hamilton.native.ingestion.tree_sitter Tree-sitter indexing warning: Tree-sitter failed for src/codeintel/serving/mcp/server.py: Invalid syntax at row 0, column 19
2026-01-06 03:02:55,230 WARNING codeintel.build.hamilton.native.ingestion.tree_sitter Tree-sitter indexing warning: Tree-sitter failed for src/codeintel/serving/mcp/tools/__init__.py: Invalid syntax at row 0, column 19
2026-01-06 03:02:55,230 WARNING codeintel.build.hamilton.native.ingestion.tree_sitter Tree-sitter indexing warning: Tree-sitter failed for src/codeintel/serving/mcp/tools/catalog.py: Invalid syntax at row 0, column 19
2026-01-06 03:02:55,230 WARNING codeintel.build.hamilton.native.ingestion.tree_sitter Tree-sitter indexing warning: Tree-sitter failed for src/codeintel/serving/mcp/tools/describe.py: Invalid syntax at row 0, column 19
2026-01-06 03:02:55,230 WARNING codeintel.build.hamilton.native.ingestion.tree_sitter Tree-sitter indexing warning: Tree-sitter failed for src/codeintel/serving/mcp/tools/explain.py: Invalid syntax at row 0, column 19
2026-01-06 03:02:55,230 WARNING codeintel.build.hamilton.native.ingestion.tree_sitter Tree-sitter indexing warning: Tree-sitter failed for src/codeintel/serving/mcp/tools/export.py: Invalid syntax at row 0, column 19
2026-01-06 03:02:55,230 WARNING codeintel.build.hamilton.native.ingestion.tree_sitter Tree-sitter indexing warning: Tree-sitter failed for src/codeintel/serving/mcp/tools/meta.py: Invalid syntax at row 0, column 19
2026-01-06 03:02:55,230 WARNING codeintel.build.hamilton.native.ingestion.tree_sitter Tree-sitter indexing warning: Tree-sitter failed for src/codeintel/serving/mcp/tools/query.py: Invalid syntax at row 0, column 19
2026-01-06 03:02:55,230 WARNING codeintel.build.hamilton.native.ingestion.tree_sitter Tree-sitter indexing warning: Tree-sitter failed for src/codeintel/serving/mcp/tools/search.py: Invalid syntax at row 0, column 19
2026-01-06 03:02:55,230 WARNING codeintel.build.hamilton.native.ingestion.tree_sitter Tree-sitter indexing warning: Tree-sitter failed for src/codeintel/serving/mcp/tools/shared.py: Invalid syntax at row 0, column 19
2026-01-06 03:02:55,230 WARNING codeintel.build.hamilton.native.ingestion.tree_sitter Tree-sitter indexing warning: Tree-sitter failed for src/codeintel/serving/meta/__init__.py: Invalid syntax at row 0, column 19
2026-01-06 03:02:55,230 WARNING codeintel.build.hamilton.native.ingestion.tree_sitter Tree-sitter indexing warning: Tree-sitter failed for src/codeintel/serving/meta/models.py: Invalid syntax at row 0, column 19
2026-01-06 03:02:55,230 WARNING codeintel.build.hamilton.native.ingestion.tree_sitter Tree-sitter indexing warning: Tree-sitter failed for src/codeintel/serving/meta/service.py: Invalid syntax at row 0, column 19
2026-01-06 03:02:55,230 WARNING codeintel.build.hamilton.native.ingestion.tree_sitter Tree-sitter indexing warning: Tree-sitter failed for src/codeintel/serving/meta/tooling.py: Invalid syntax at row 0, column 19
2026-01-06 03:02:55,230 WARNING codeintel.build.hamilton.native.ingestion.tree_sitter Tree-sitter indexing warning: Tree-sitter failed for src/codeintel/serving/metrics.py: Invalid syntax at row 0, column 19
2026-01-06 03:02:55,230 WARNING codeintel.build.hamilton.native.ingestion.tree_sitter Tree-sitter indexing warning: Tree-sitter failed for src/codeintel/serving/models/__init__.py: Invalid syntax at row 0, column 19
2026-01-06 03:02:55,230 WARNING codeintel.build.hamilton.native.ingestion.tree_sitter Tree-sitter indexing warning: Tree-sitter failed for src/codeintel/serving/models/primitives.py: Invalid syntax at row 0, column 19
2026-01-06 03:02:55,230 WARNING codeintel.build.hamilton.native.ingestion.tree_sitter Tree-sitter indexing warning: Tree-sitter failed for src/codeintel/serving/operations/__init__.py: Invalid syntax at row 0, column 19
2026-01-06 03:02:55,230 WARNING codeintel.build.hamilton.native.ingestion.tree_sitter Tree-sitter indexing warning: Tree-sitter failed for src/codeintel/serving/operations/cancellation.py: Invalid syntax at row 0, column 19
2026-01-06 03:02:55,230 WARNING codeintel.build.hamilton.native.ingestion.tree_sitter Tree-sitter indexing warning: Tree-sitter failed for src/codeintel/serving/operations/ops.py: Invalid syntax at row 0, column 19
2026-01-06 03:02:55,230 WARNING codeintel.build.hamilton.native.ingestion.tree_sitter Tree-sitter indexing warning: Tree-sitter failed for src/codeintel/serving/operations/protocols.py: Invalid syntax at row 0, column 19
2026-01-06 03:02:55,230 WARNING codeintel.build.hamilton.native.ingestion.tree_sitter Tree-sitter indexing warning: Tree-sitter failed for src/codeintel/serving/publisher.py: Invalid syntax at row 0, column 19
2026-01-06 03:02:55,230 WARNING codeintel.build.hamilton.native.ingestion.tree_sitter Tree-sitter indexing warning: Tree-sitter failed for src/codeintel/serving/runtime.py: Invalid syntax at row 0, column 19
2026-01-06 03:02:55,230 WARNING codeintel.build.hamilton.native.ingestion.tree_sitter Tree-sitter indexing warning: Tree-sitter failed for src/codeintel/serving/search/__init__.py: Invalid syntax at row 0, column 19
2026-01-06 03:02:55,230 WARNING codeintel.build.hamilton.native.ingestion.tree_sitter Tree-sitter indexing warning: Tree-sitter failed for src/codeintel/serving/search/engine.py: Invalid syntax at row 0, column 19
2026-01-06 03:02:55,230 WARNING codeintel.build.hamilton.native.ingestion.tree_sitter Tree-sitter indexing warning: Tree-sitter failed for src/codeintel/serving/search/models.py: Invalid syntax at row 0, column 19
2026-01-06 03:02:55,230 WARNING codeintel.build.hamilton.native.ingestion.tree_sitter Tree-sitter indexing warning: Tree-sitter failed for src/codeintel/serving/semantic/__init__.py: Invalid syntax at row 0, column 19
2026-01-06 03:02:55,230 WARNING codeintel.build.hamilton.native.ingestion.tree_sitter Tree-sitter indexing warning: Tree-sitter failed for src/codeintel/serving/semantic/duckdb_contracts.py: Invalid syntax at row 0, column 19
2026-01-06 03:02:55,230 WARNING codeintel.build.hamilton.native.ingestion.tree_sitter Tree-sitter indexing warning: Tree-sitter failed for src/codeintel/serving/semantic/duckdb_relation_builder.py: Invalid syntax at row 0, column 19
2026-01-06 03:02:55,230 WARNING codeintel.build.hamilton.native.ingestion.tree_sitter Tree-sitter indexing warning: Tree-sitter failed for src/codeintel/serving/semantic/duckdb_scan_adapter.py: Invalid syntax at row 0, column 19
2026-01-06 03:02:55,230 WARNING codeintel.build.hamilton.native.ingestion.tree_sitter Tree-sitter indexing warning: Tree-sitter failed for src/codeintel/serving/semantic/engines/__init__.py: Invalid syntax at row 0, column 19
2026-01-06 03:02:55,230 WARNING codeintel.build.hamilton.native.ingestion.tree_sitter Tree-sitter indexing warning: Tree-sitter failed for src/codeintel/serving/semantic/engines/duckdb_engine.py: Invalid syntax at row 0, column 19
2026-01-06 03:02:55,230 WARNING codeintel.build.hamilton.native.ingestion.tree_sitter Tree-sitter indexing warning: Tree-sitter failed for src/codeintel/serving/semantic/engines/polars_engine.py: Invalid syntax at row 0, column 19
2026-01-06 03:02:55,230 WARNING codeintel.build.hamilton.native.ingestion.tree_sitter Tree-sitter indexing warning: Tree-sitter failed for src/codeintel/serving/semantic/engines/protocol.py: Invalid syntax at row 0, column 19
2026-01-06 03:02:55,230 WARNING codeintel.build.hamilton.native.ingestion.tree_sitter Tree-sitter indexing warning: Tree-sitter failed for src/codeintel/serving/semantic/engines/registry.py: Invalid syntax at row 0, column 19
2026-01-06 03:02:55,230 WARNING codeintel.build.hamilton.native.ingestion.tree_sitter Tree-sitter indexing warning: Tree-sitter failed for src/codeintel/serving/semantic/fingerprints.py: Invalid syntax at row 0, column 19
2026-01-06 03:02:55,230 WARNING codeintel.build.hamilton.native.ingestion.tree_sitter Tree-sitter indexing warning: Tree-sitter failed for src/codeintel/serving/semantic/guardrails.py: Invalid syntax at row 0, column 19
2026-01-06 03:02:55,230 WARNING codeintel.build.hamilton.native.ingestion.tree_sitter Tree-sitter indexing warning: Tree-sitter failed for src/codeintel/serving/semantic/inventory.py: Invalid syntax at row 0, column 19
2026-01-06 03:02:55,230 WARNING codeintel.build.hamilton.native.ingestion.tree_sitter Tree-sitter indexing warning: Tree-sitter failed for src/codeintel/serving/semantic/kernel.py: Invalid syntax at row 0, column 19
2026-01-06 03:02:55,230 WARNING codeintel.build.hamilton.native.ingestion.tree_sitter Tree-sitter indexing warning: Tree-sitter failed for src/codeintel/serving/semantic/models.py: Invalid syntax at row 0, column 19
2026-01-06 03:02:55,230 WARNING codeintel.build.hamilton.native.ingestion.tree_sitter Tree-sitter indexing warning: Tree-sitter failed for src/codeintel/serving/semantic/planner.py: Invalid syntax at row 0, column 19
2026-01-06 03:02:55,230 WARNING codeintel.build.hamilton.native.ingestion.tree_sitter Tree-sitter indexing warning: Tree-sitter failed for src/codeintel/serving/semantic/polars_views.py: Invalid syntax at row 0, column 19
2026-01-06 03:02:55,230 WARNING codeintel.build.hamilton.native.ingestion.tree_sitter Tree-sitter indexing warning: Tree-sitter failed for src/codeintel/serving/semantic/query_ast.py: Invalid syntax at row 0, column 19
2026-01-06 03:02:55,230 WARNING codeintel.build.hamilton.native.ingestion.tree_sitter Tree-sitter indexing warning: Tree-sitter failed for src/codeintel/serving/semantic/registry.py: Invalid syntax at row 0, column 19
2026-01-06 03:02:55,230 WARNING codeintel.build.hamilton.native.ingestion.tree_sitter Tree-sitter indexing warning: Tree-sitter failed for src/codeintel/serving/semantic/registry_compiler.py: Invalid syntax at row 0, column 19
2026-01-06 03:02:55,230 WARNING codeintel.build.hamilton.native.ingestion.tree_sitter Tree-sitter indexing warning: Tree-sitter failed for src/codeintel/serving/semantic/routing.py: Invalid syntax at row 0, column 19
2026-01-06 03:02:55,230 WARNING codeintel.build.hamilton.native.ingestion.tree_sitter Tree-sitter indexing warning: Tree-sitter failed for src/codeintel/serving/semantic/specs.py: Invalid syntax at row 0, column 19
2026-01-06 03:02:55,230 WARNING codeintel.build.hamilton.native.ingestion.tree_sitter Tree-sitter indexing warning: Tree-sitter failed for src/codeintel/serving/semantic/sqlglot_query_builder.py: Invalid syntax at row 0, column 19
2026-01-06 03:02:55,230 WARNING codeintel.build.hamilton.native.ingestion.tree_sitter Tree-sitter indexing warning: Tree-sitter failed for src/codeintel/serving/semantic_compile.py: Invalid syntax at row 0, column 19
2026-01-06 03:02:55,230 WARNING codeintel.build.hamilton.native.ingestion.tree_sitter Tree-sitter indexing warning: Tree-sitter failed for src/codeintel/serving/settings.py: Invalid syntax at row 0, column 19
2026-01-06 03:02:55,230 WARNING codeintel.build.hamilton.native.ingestion.tree_sitter Tree-sitter indexing warning: Tree-sitter failed for src/codeintel/serving/snapshot/__init__.py: Invalid syntax at row 0, column 19
2026-01-06 03:02:55,230 WARNING codeintel.build.hamilton.native.ingestion.tree_sitter Tree-sitter indexing warning: Tree-sitter failed for src/codeintel/serving/snapshot/models.py: Invalid syntax at row 0, column 19
2026-01-06 03:02:55,230 WARNING codeintel.build.hamilton.native.ingestion.tree_sitter Tree-sitter indexing warning: Tree-sitter failed for src/codeintel/serving/uris.py: Invalid syntax at row 0, column 19
2026-01-06 03:02:55,230 WARNING codeintel.build.hamilton.native.ingestion.tree_sitter Tree-sitter indexing warning: Tree-sitter failed for src/codeintel/storage/__init__.py: Invalid syntax at row 0, column 19
2026-01-06 03:02:55,230 WARNING codeintel.build.hamilton.native.ingestion.tree_sitter Tree-sitter indexing warning: Tree-sitter failed for src/codeintel/storage/backend/__init__.py: Invalid syntax at row 0, column 19
2026-01-06 03:02:55,230 WARNING codeintel.build.hamilton.native.ingestion.tree_sitter Tree-sitter indexing warning: Tree-sitter failed for src/codeintel/storage/backend/duckdb_session.py: Invalid syntax at row 0, column 19
2026-01-06 03:02:55,230 WARNING codeintel.build.hamilton.native.ingestion.tree_sitter Tree-sitter indexing warning: Tree-sitter failed for src/codeintel/storage/catalog/__init__.py: Invalid syntax at row 0, column 19
2026-01-06 03:02:55,230 WARNING codeintel.build.hamilton.native.ingestion.tree_sitter Tree-sitter indexing warning: Tree-sitter failed for src/codeintel/storage/catalog/service.py: Invalid syntax at row 0, column 19
2026-01-06 03:02:55,230 WARNING codeintel.build.hamilton.native.ingestion.tree_sitter Tree-sitter indexing warning: Tree-sitter failed for src/codeintel/storage/constants.py: Invalid syntax at row 0, column 19
2026-01-06 03:02:55,230 WARNING codeintel.build.hamilton.native.ingestion.tree_sitter Tree-sitter indexing warning: Tree-sitter failed for src/codeintel/storage/contracts/__init__.py: Invalid syntax at row 0, column 19
2026-01-06 03:02:55,230 WARNING codeintel.build.hamilton.native.ingestion.tree_sitter Tree-sitter indexing warning: Tree-sitter failed for src/codeintel/storage/contracts/catalog_state.py: Invalid syntax at row 0, column 19
2026-01-06 03:02:55,230 WARNING codeintel.build.hamilton.native.ingestion.tree_sitter Tree-sitter indexing warning: Tree-sitter failed for src/codeintel/storage/contracts/dataflow.py: Invalid syntax at row 0, column 19
2026-01-06 03:02:55,230 WARNING codeintel.build.hamilton.native.ingestion.tree_sitter Tree-sitter indexing warning: Tree-sitter failed for src/codeintel/storage/contracts/json_schema.py: Invalid syntax at row 0, column 19
2026-01-06 03:02:55,230 WARNING codeintel.build.hamilton.native.ingestion.tree_sitter Tree-sitter indexing warning: Tree-sitter failed for src/codeintel/storage/contracts/provider.py: Invalid syntax at row 0, column 19
2026-01-06 03:02:55,230 WARNING codeintel.build.hamilton.native.ingestion.tree_sitter Tree-sitter indexing warning: Tree-sitter failed for src/codeintel/storage/contracts/schema_provider.py: Invalid syntax at row 0, column 19
2026-01-06 03:02:55,230 WARNING codeintel.build.hamilton.native.ingestion.tree_sitter Tree-sitter indexing warning: Tree-sitter failed for src/codeintel/storage/datasets/__init__.py: Invalid syntax at row 0, column 19
2026-01-06 03:02:55,230 WARNING codeintel.build.hamilton.native.ingestion.tree_sitter Tree-sitter indexing warning: Tree-sitter failed for src/codeintel/storage/datasets/arrow_store.py: Invalid syntax at row 0, column 19
2026-01-06 03:02:55,230 WARNING codeintel.build.hamilton.native.ingestion.tree_sitter Tree-sitter indexing warning: Tree-sitter failed for src/codeintel/storage/datasets/contracts.py: Invalid syntax at row 0, column 19
2026-01-06 03:02:55,230 WARNING codeintel.build.hamilton.native.ingestion.tree_sitter Tree-sitter indexing warning: Tree-sitter failed for src/codeintel/storage/datasets/maintenance.py: Invalid syntax at row 0, column 19
2026-01-06 03:02:55,230 WARNING codeintel.build.hamilton.native.ingestion.tree_sitter Tree-sitter indexing warning: Tree-sitter failed for src/codeintel/storage/datasets/manifest_index.py: Invalid syntax at row 0, column 19
2026-01-06 03:02:55,230 WARNING codeintel.build.hamilton.native.ingestion.tree_sitter Tree-sitter indexing warning: Tree-sitter failed for src/codeintel/storage/datasets/manifests.py: Invalid syntax at row 0, column 19
2026-01-06 03:02:55,230 WARNING codeintel.build.hamilton.native.ingestion.tree_sitter Tree-sitter indexing warning: Tree-sitter failed for src/codeintel/storage/datasets/parquet_metadata.py: Invalid syntax at row 0, column 19
2026-01-06 03:02:55,230 WARNING codeintel.build.hamilton.native.ingestion.tree_sitter Tree-sitter indexing warning: Tree-sitter failed for src/codeintel/storage/datasets/paths.py: Invalid syntax at row 0, column 19
2026-01-06 03:02:55,230 WARNING codeintel.build.hamilton.native.ingestion.tree_sitter Tree-sitter indexing warning: Tree-sitter failed for src/codeintel/storage/datasets/registry.py: Invalid syntax at row 0, column 19
2026-01-06 03:02:55,230 WARNING codeintel.build.hamilton.native.ingestion.tree_sitter Tree-sitter indexing warning: Tree-sitter failed for src/codeintel/storage/datasets/scanning.py: Invalid syntax at row 0, column 19
2026-01-06 03:02:55,230 WARNING codeintel.build.hamilton.native.ingestion.tree_sitter Tree-sitter indexing warning: Tree-sitter failed for src/codeintel/storage/duckdb/__init__.py: Invalid syntax at row 0, column 19
2026-01-06 03:02:55,230 WARNING codeintel.build.hamilton.native.ingestion.tree_sitter Tree-sitter indexing warning: Tree-sitter failed for src/codeintel/storage/duckdb/catalog.py: Invalid syntax at row 0, column 19
2026-01-06 03:02:55,230 WARNING codeintel.build.hamilton.native.ingestion.tree_sitter Tree-sitter indexing warning: Tree-sitter failed for src/codeintel/storage/duckdb/context.py: Invalid syntax at row 0, column 19
2026-01-06 03:02:55,230 WARNING codeintel.build.hamilton.native.ingestion.tree_sitter Tree-sitter indexing warning: Tree-sitter failed for src/codeintel/storage/duckdb_explain.py: Invalid syntax at row 0, column 19
2026-01-06 03:02:55,230 WARNING codeintel.build.hamilton.native.ingestion.tree_sitter Tree-sitter indexing warning: Tree-sitter failed for src/codeintel/storage/duckdb_policy_backend.py: Invalid syntax at row 0, column 19
2026-01-06 03:02:55,230 WARNING codeintel.build.hamilton.native.ingestion.tree_sitter Tree-sitter indexing warning: Tree-sitter failed for src/codeintel/storage/duckdb_types.py: Invalid syntax at row 0, column 19
2026-01-06 03:02:55,230 WARNING codeintel.build.hamilton.native.ingestion.tree_sitter Tree-sitter indexing warning: Tree-sitter failed for src/codeintel/storage/exports/__init__.py: Invalid syntax at row 0, column 19
2026-01-06 03:02:55,230 WARNING codeintel.build.hamilton.native.ingestion.tree_sitter Tree-sitter indexing warning: Tree-sitter failed for src/codeintel/storage/exports/service.py: Invalid syntax at row 0, column 19
2026-01-06 03:02:55,230 WARNING codeintel.build.hamilton.native.ingestion.tree_sitter Tree-sitter indexing warning: Tree-sitter failed for src/codeintel/storage/facade.py: Invalid syntax at row 0, column 19
2026-01-06 03:02:55,230 WARNING codeintel.build.hamilton.native.ingestion.tree_sitter Tree-sitter indexing warning: Tree-sitter failed for src/codeintel/storage/gateway/__init__.py: Invalid syntax at row 0, column 19
2026-01-06 03:02:55,230 WARNING codeintel.build.hamilton.native.ingestion.tree_sitter Tree-sitter indexing warning: Tree-sitter failed for src/codeintel/storage/gateway/accessors.py: Invalid syntax at row 0, column 19
2026-01-06 03:02:55,230 WARNING codeintel.build.hamilton.native.ingestion.tree_sitter Tree-sitter indexing warning: Tree-sitter failed for src/codeintel/storage/gateway/base_accessor.py: Invalid syntax at row 0, column 19
2026-01-06 03:02:55,231 WARNING codeintel.build.hamilton.native.ingestion.tree_sitter Tree-sitter indexing warning: Tree-sitter failed for src/codeintel/storage/gateway/config.py: Invalid syntax at row 0, column 19
2026-01-06 03:02:55,231 WARNING codeintel.build.hamilton.native.ingestion.tree_sitter Tree-sitter indexing warning: Tree-sitter failed for src/codeintel/storage/gateway/extensions.py: Invalid syntax at row 0, column 19
2026-01-06 03:02:55,231 WARNING codeintel.build.hamilton.native.ingestion.tree_sitter Tree-sitter indexing warning: Tree-sitter failed for src/codeintel/storage/gateway/factory.py: Invalid syntax at row 0, column 19
2026-01-06 03:02:55,231 WARNING codeintel.build.hamilton.native.ingestion.tree_sitter Tree-sitter indexing warning: Tree-sitter failed for src/codeintel/storage/gateway/inference.py: Invalid syntax at row 0, column 19
2026-01-06 03:02:55,231 WARNING codeintel.build.hamilton.native.ingestion.tree_sitter Tree-sitter indexing warning: Tree-sitter failed for src/codeintel/storage/gateway/minimal.py: Invalid syntax at row 0, column 19
2026-01-06 03:02:55,231 WARNING codeintel.build.hamilton.native.ingestion.tree_sitter Tree-sitter indexing warning: Tree-sitter failed for src/codeintel/storage/gateway/pool.py: Invalid syntax at row 0, column 19
2026-01-06 03:02:55,231 WARNING codeintel.build.hamilton.native.ingestion.tree_sitter Tree-sitter indexing warning: Tree-sitter failed for src/codeintel/storage/gateway/protocol.py: Invalid syntax at row 0, column 19
2026-01-06 03:02:55,231 WARNING codeintel.build.hamilton.native.ingestion.tree_sitter Tree-sitter indexing warning: Tree-sitter failed for src/codeintel/storage/gateway/relation.py: Invalid syntax at row 0, column 19
2026-01-06 03:02:55,231 WARNING codeintel.build.hamilton.native.ingestion.tree_sitter Tree-sitter indexing warning: Tree-sitter failed for src/codeintel/storage/helpers/__init__.py: Invalid syntax at row 0, column 19
2026-01-06 03:02:55,231 WARNING codeintel.build.hamilton.native.ingestion.tree_sitter Tree-sitter indexing warning: Tree-sitter failed for src/codeintel/storage/helpers/json.py: Invalid syntax at row 0, column 19
2026-01-06 03:02:55,231 WARNING codeintel.build.hamilton.native.ingestion.tree_sitter Tree-sitter indexing warning: Tree-sitter failed for src/codeintel/storage/helpers/module_index.py: Invalid syntax at row 0, column 19
2026-01-06 03:02:55,231 WARNING codeintel.build.hamilton.native.ingestion.tree_sitter Tree-sitter indexing warning: Tree-sitter failed for src/codeintel/storage/helpers/table_key.py: Invalid syntax at row 0, column 19
2026-01-06 03:02:55,231 WARNING codeintel.build.hamilton.native.ingestion.tree_sitter Tree-sitter indexing warning: Tree-sitter failed for src/codeintel/storage/metadata/__init__.py: Invalid syntax at row 0, column 19
2026-01-06 03:02:55,231 WARNING codeintel.build.hamilton.native.ingestion.tree_sitter Tree-sitter indexing warning: Tree-sitter failed for src/codeintel/storage/metadata/bootstrap.py: Invalid syntax at row 0, column 19
2026-01-06 03:02:55,231 WARNING codeintel.build.hamilton.native.ingestion.tree_sitter Tree-sitter indexing warning: Tree-sitter failed for src/codeintel/storage/metadata/catalogs.py: Invalid syntax at row 0, column 19
2026-01-06 03:02:55,231 WARNING codeintel.build.hamilton.native.ingestion.tree_sitter Tree-sitter indexing warning: Tree-sitter failed for src/codeintel/storage/metadata/ddl.py: Invalid syntax at row 0, column 19
2026-01-06 03:02:55,231 WARNING codeintel.build.hamilton.native.ingestion.tree_sitter Tree-sitter indexing warning: Tree-sitter failed for src/codeintel/storage/metadata/ingest.py: Invalid syntax at row 0, column 19
2026-01-06 03:02:55,231 WARNING codeintel.build.hamilton.native.ingestion.tree_sitter Tree-sitter indexing warning: Tree-sitter failed for src/codeintel/storage/metadata/meta_catalog.py: Invalid syntax at row 0, column 19
2026-01-06 03:02:55,231 WARNING codeintel.build.hamilton.native.ingestion.tree_sitter Tree-sitter indexing warning: Tree-sitter failed for src/codeintel/storage/metadata/schema.py: Invalid syntax at row 0, column 19
2026-01-06 03:02:55,231 WARNING codeintel.build.hamilton.native.ingestion.tree_sitter Tree-sitter indexing warning: Tree-sitter failed for src/codeintel/storage/metadata/sync.py: Invalid syntax at row 0, column 19
2026-01-06 03:02:55,231 WARNING codeintel.build.hamilton.native.ingestion.tree_sitter Tree-sitter indexing warning: Tree-sitter failed for src/codeintel/storage/metadata/validation.py: Invalid syntax at row 0, column 19
2026-01-06 03:02:55,231 WARNING codeintel.build.hamilton.native.ingestion.tree_sitter Tree-sitter indexing warning: Tree-sitter failed for src/codeintel/storage/metadata/view_builder.py: Invalid syntax at row 0, column 19
2026-01-06 03:02:55,231 WARNING codeintel.build.hamilton.native.ingestion.tree_sitter Tree-sitter indexing warning: Tree-sitter failed for src/codeintel/storage/protocols/__init__.py: Invalid syntax at row 0, column 19
2026-01-06 03:02:55,231 WARNING codeintel.build.hamilton.native.ingestion.tree_sitter Tree-sitter indexing warning: Tree-sitter failed for src/codeintel/storage/protocols/duckdb_relation.py: Invalid syntax at row 0, column 19
2026-01-06 03:02:55,231 WARNING codeintel.build.hamilton.native.ingestion.tree_sitter Tree-sitter indexing warning: Tree-sitter failed for src/codeintel/storage/protocols/export.py: Invalid syntax at row 0, column 19
2026-01-06 03:02:55,231 WARNING codeintel.build.hamilton.native.ingestion.tree_sitter Tree-sitter indexing warning: Tree-sitter failed for src/codeintel/storage/queries/__init__.py: Invalid syntax at row 0, column 19
2026-01-06 03:02:55,231 WARNING codeintel.build.hamilton.native.ingestion.tree_sitter Tree-sitter indexing warning: Tree-sitter failed for src/codeintel/storage/queries/filter_compiler.py: Invalid syntax at row 0, column 19
2026-01-06 03:02:55,231 WARNING codeintel.build.hamilton.native.ingestion.tree_sitter Tree-sitter indexing warning: Tree-sitter failed for src/codeintel/storage/queries/parquet.py: Invalid syntax at row 0, column 19
2026-01-06 03:02:55,231 WARNING codeintel.build.hamilton.native.ingestion.tree_sitter Tree-sitter indexing warning: Tree-sitter failed for src/codeintel/storage/queries/safe.py: Invalid syntax at row 0, column 19
2026-01-06 03:02:55,231 WARNING codeintel.build.hamilton.native.ingestion.tree_sitter Tree-sitter indexing warning: Tree-sitter failed for src/codeintel/storage/query_results.py: Invalid syntax at row 0, column 19
2026-01-06 03:02:55,231 WARNING codeintel.build.hamilton.native.ingestion.tree_sitter Tree-sitter indexing warning: Tree-sitter failed for src/codeintel/storage/repositories/__init__.py: Invalid syntax at row 0, column 19
2026-01-06 03:02:55,231 WARNING codeintel.build.hamilton.native.ingestion.tree_sitter Tree-sitter indexing warning: Tree-sitter failed for src/codeintel/storage/repositories/base.py: Invalid syntax at row 0, column 19
2026-01-06 03:02:55,231 WARNING codeintel.build.hamilton.native.ingestion.tree_sitter Tree-sitter indexing warning: Tree-sitter failed for src/codeintel/storage/repositories/data_models.py: Invalid syntax at row 0, column 19
2026-01-06 03:02:55,231 WARNING codeintel.build.hamilton.native.ingestion.tree_sitter Tree-sitter indexing warning: Tree-sitter failed for src/codeintel/storage/repositories/dataflow.py: Invalid syntax at row 0, column 19
2026-01-06 03:02:55,231 WARNING codeintel.build.hamilton.native.ingestion.tree_sitter Tree-sitter indexing warning: Tree-sitter failed for src/codeintel/storage/repositories/datasets.py: Invalid syntax at row 0, column 19
2026-01-06 03:02:55,231 WARNING codeintel.build.hamilton.native.ingestion.tree_sitter Tree-sitter indexing warning: Tree-sitter failed for src/codeintel/storage/repositories/factory.py: Invalid syntax at row 0, column 19
2026-01-06 03:02:55,231 WARNING codeintel.build.hamilton.native.ingestion.tree_sitter Tree-sitter indexing warning: Tree-sitter failed for src/codeintel/storage/repositories/functions.py: Invalid syntax at row 0, column 19
2026-01-06 03:02:55,231 WARNING codeintel.build.hamilton.native.ingestion.tree_sitter Tree-sitter indexing warning: Tree-sitter failed for src/codeintel/storage/repositories/graphs.py: Invalid syntax at row 0, column 19
2026-01-06 03:02:55,231 WARNING codeintel.build.hamilton.native.ingestion.tree_sitter Tree-sitter indexing warning: Tree-sitter failed for src/codeintel/storage/repositories/modules.py: Invalid syntax at row 0, column 19
2026-01-06 03:02:55,231 WARNING codeintel.build.hamilton.native.ingestion.tree_sitter Tree-sitter indexing warning: Tree-sitter failed for src/codeintel/storage/repositories/subsystems.py: Invalid syntax at row 0, column 19
2026-01-06 03:02:55,231 WARNING codeintel.build.hamilton.native.ingestion.tree_sitter Tree-sitter indexing warning: Tree-sitter failed for src/codeintel/storage/repositories/tests.py: Invalid syntax at row 0, column 19
2026-01-06 03:02:55,231 WARNING codeintel.build.hamilton.native.ingestion.tree_sitter Tree-sitter indexing warning: Tree-sitter failed for src/codeintel/storage/schema/__init__.py: Invalid syntax at row 0, column 19
2026-01-06 03:02:55,231 WARNING codeintel.build.hamilton.native.ingestion.tree_sitter Tree-sitter indexing warning: Tree-sitter failed for src/codeintel/storage/schema/arrow_schema.py: Invalid syntax at row 0, column 19
2026-01-06 03:02:55,231 WARNING codeintel.build.hamilton.native.ingestion.tree_sitter Tree-sitter indexing warning: Tree-sitter failed for src/codeintel/storage/schema/ddl_builders.py: Invalid syntax at row 0, column 19
2026-01-06 03:02:55,231 WARNING codeintel.build.hamilton.native.ingestion.tree_sitter Tree-sitter indexing warning: Tree-sitter failed for src/codeintel/storage/schema/duckdb_contracts.py: Invalid syntax at row 0, column 19
2026-01-06 03:02:55,231 WARNING codeintel.build.hamilton.native.ingestion.tree_sitter Tree-sitter indexing warning: Tree-sitter failed for src/codeintel/storage/schema/json_schema.py: Invalid syntax at row 0, column 19
2026-01-06 03:02:55,231 WARNING codeintel.build.hamilton.native.ingestion.tree_sitter Tree-sitter indexing warning: Tree-sitter failed for src/codeintel/storage/schema/lifecycle.py: Invalid syntax at row 0, column 19
2026-01-06 03:02:55,231 WARNING codeintel.build.hamilton.native.ingestion.tree_sitter Tree-sitter indexing warning: Tree-sitter failed for src/codeintel/storage/schema_roundtrip.py: Invalid syntax at row 0, column 19
2026-01-06 03:02:55,231 WARNING codeintel.build.hamilton.native.ingestion.tree_sitter Tree-sitter indexing warning: Tree-sitter failed for src/codeintel/storage/serving/__init__.py: Invalid syntax at row 0, column 19
2026-01-06 03:02:55,231 WARNING codeintel.build.hamilton.native.ingestion.tree_sitter Tree-sitter indexing warning: Tree-sitter failed for src/codeintel/storage/serving/search_index.py: Invalid syntax at row 0, column 19
2026-01-06 03:02:55,231 WARNING codeintel.build.hamilton.native.ingestion.tree_sitter Tree-sitter indexing warning: Tree-sitter failed for src/codeintel/storage/serving/snapshot_service.py: Invalid syntax at row 0, column 19
2026-01-06 03:02:55,231 WARNING codeintel.build.hamilton.native.ingestion.tree_sitter Tree-sitter indexing warning: Tree-sitter failed for src/codeintel/storage/snapshot_scoping.py: Invalid syntax at row 0, column 19
2026-01-06 03:02:55,231 WARNING codeintel.build.hamilton.native.ingestion.tree_sitter Tree-sitter indexing warning: Tree-sitter failed for src/codeintel/storage/sqlglot_tools.py: Invalid syntax at row 0, column 19
2026-01-06 03:02:55,231 WARNING codeintel.build.hamilton.native.ingestion.tree_sitter Tree-sitter indexing warning: Tree-sitter failed for src/codeintel/storage/staging.py: Invalid syntax at row 0, column 19
2026-01-06 03:02:55,231 WARNING codeintel.build.hamilton.native.ingestion.tree_sitter Tree-sitter indexing warning: Tree-sitter failed for src/codeintel/storage/tracking/__init__.py: Invalid syntax at row 0, column 19
2026-01-06 03:02:55,231 WARNING codeintel.build.hamilton.native.ingestion.tree_sitter Tree-sitter indexing warning: Tree-sitter failed for src/codeintel/storage/tracking/asset_tracking.py: Invalid syntax at row 0, column 19
2026-01-06 03:02:55,231 WARNING codeintel.build.hamilton.native.ingestion.tree_sitter Tree-sitter indexing warning: Tree-sitter failed for src/codeintel/storage/tracking/build_tracking.py: Invalid syntax at row 0, column 19
2026-01-06 03:02:55,231 WARNING codeintel.build.hamilton.native.ingestion.tree_sitter Tree-sitter indexing warning: Tree-sitter failed for src/codeintel/storage/tracking/run_tracking.py: Invalid syntax at row 0, column 19
2026-01-06 03:02:55,231 WARNING codeintel.build.hamilton.native.ingestion.tree_sitter Tree-sitter indexing warning: Tree-sitter failed for src/codeintel/storage/tracking/schema_catalog.py: Invalid syntax at row 0, column 19
2026-01-06 03:02:55,231 WARNING codeintel.build.hamilton.native.ingestion.tree_sitter Tree-sitter indexing warning: Tree-sitter failed for src/codeintel/storage/tracking/schema_catalog_compile.py: Invalid syntax at row 0, column 19
2026-01-06 03:02:55,231 WARNING codeintel.build.hamilton.native.ingestion.tree_sitter Tree-sitter indexing warning: Tree-sitter failed for src/codeintel/storage/tracking/schema_catalog_models.py: Invalid syntax at row 0, column 19
2026-01-06 03:02:55,231 WARNING codeintel.build.hamilton.native.ingestion.tree_sitter Tree-sitter indexing warning: Tree-sitter failed for src/codeintel/storage/upsert.py: Invalid syntax at row 0, column 19
2026-01-06 03:02:55,231 WARNING codeintel.build.hamilton.native.ingestion.tree_sitter Tree-sitter indexing warning: Tree-sitter failed for src/codeintel/storage/validation/__init__.py: Invalid syntax at row 0, column 19
2026-01-06 03:02:55,231 WARNING codeintel.build.hamilton.native.ingestion.tree_sitter Tree-sitter indexing warning: Tree-sitter failed for src/codeintel/storage/validation/columnar.py: Invalid syntax at row 0, column 19
2026-01-06 03:02:55,231 WARNING codeintel.build.hamilton.native.ingestion.tree_sitter Tree-sitter indexing warning: Tree-sitter failed for src/codeintel/storage/validation/conformance.py: Invalid syntax at row 0, column 19
2026-01-06 03:02:55,231 WARNING codeintel.build.hamilton.native.ingestion.tree_sitter Tree-sitter indexing warning: Tree-sitter failed for src/codeintel/storage/validation/contract.py: Invalid syntax at row 0, column 19
2026-01-06 03:02:55,231 WARNING codeintel.build.hamilton.native.ingestion.tree_sitter Tree-sitter indexing warning: Tree-sitter failed for src/codeintel/storage/validation/mode.py: Invalid syntax at row 0, column 19
2026-01-06 03:02:55,231 WARNING codeintel.build.hamilton.native.ingestion.tree_sitter Tree-sitter indexing warning: Tree-sitter failed for src/codeintel/storage/views/__init__.py: Invalid syntax at row 0, column 19
2026-01-06 03:02:55,231 WARNING codeintel.build.hamilton.native.ingestion.tree_sitter Tree-sitter indexing warning: Tree-sitter failed for src/codeintel/storage/views/dependencies.py: Invalid syntax at row 0, column 19
2026-01-06 03:02:55,231 WARNING codeintel.build.hamilton.native.ingestion.tree_sitter Tree-sitter indexing warning: Tree-sitter failed for src/codeintel/storage/views/diff.py: Invalid syntax at row 0, column 19
2026-01-06 03:02:55,231 WARNING codeintel.build.hamilton.native.ingestion.tree_sitter Tree-sitter indexing warning: Tree-sitter failed for src/codeintel/storage/views/discovery.py: Invalid syntax at row 0, column 19
2026-01-06 03:02:55,231 WARNING codeintel.build.hamilton.native.ingestion.tree_sitter Tree-sitter indexing warning: Tree-sitter failed for src/codeintel/storage/views/inventory.py: Invalid syntax at row 0, column 19
2026-01-06 03:02:55,231 WARNING codeintel.build.hamilton.native.ingestion.tree_sitter Tree-sitter indexing warning: Tree-sitter failed for src/codeintel/storage/views/protocol.py: Invalid syntax at row 0, column 19
2026-01-06 03:02:55,231 WARNING codeintel.build.hamilton.native.ingestion.tree_sitter Tree-sitter indexing warning: Tree-sitter failed for src/codeintel/storage/views/schema_inference.py: Invalid syntax at row 0, column 19
2026-01-06 03:02:55,231 WARNING codeintel.build.hamilton.native.ingestion.tree_sitter Tree-sitter indexing warning: Tree-sitter failed for src/codeintel/storage/views/view_tags.py: Invalid syntax at row 0, column 19
2026-01-06 03:02:55,231 WARNING codeintel.build.hamilton.native.ingestion.tree_sitter Tree-sitter indexing warning: Tree-sitter failed for src/codeintel/storage/warehouse.py: Invalid syntax at row 0, column 19
2026-01-06 03:03:51,033 WARNING py.warnings /Users/paulheyse/CodeIntel/CodeIntel/src/codeintel/build/hamilton/native/graphs/cpg2/assemble.py:186: FutureWarning: promote has been superseded by promote_options='default'.
  combined = concat_tables_unified(tables)

2026-01-06 03:04:18,506 WARNING hamilton.caching Node `cpg__overlay_options` has unhashable result of type `<class 'codeintel.build.hamilton.native.graphs.cpg2.types.CpgOverlayOptions'>`. Set `CachingBehavior.IGNORE` or register a versioning function to silence warning. Learn more: https://hamilton.apache.org/concepts/caching/#caching-behavior

2026-01-06 03:04:18,510 WARNING hamilton.caching Node `cpg__edge_config` has unhashable result of type `<class 'codeintel.build.hamilton.native.graphs.cpg2.types.CpgEdgeConfig'>`. Set `CachingBehavior.IGNORE` or register a versioning function to silence warning. Learn more: https://hamilton.apache.org/concepts/caching/#caching-behavior

2026-01-06 03:04:45,835 ERROR hamilton.execution.graph_functions 
********************************************************************************
> cpg2_edges__frames [codeintel.build.hamilton.native.graphs.cpg2.assemble.cpg2_edges__frames()] encountered an error<
> Node inputs:
{'cpg2_nodes__frames': 'pyarrow.Table\n'
                       'repo: string\n'
                       'commit: string\n'
                       'cpg_node...',
 'cpg__edge_config': 'CpgEdgeConfig(overlay_options=CpgOverlayOptions(en...',
 'cpg_edge_core_inputs': '_CpgEdgeCoreInputs(symbol=_CpgSymbolInputs(syntax_...',
 'cpg_edge_overlay_inputs': '_CpgOverlayEdgeInputs(ast_nodes=pyarrow.Table\n'
                            'path...',
 'env': "BuildEnv(gateway=None, snapshot=SnapshotRef(repo='..."}
********************************************************************************
Traceback (most recent call last):
  File "/Users/paulheyse/CodeIntel/CodeIntel/.venv/lib/python3.13/site-packages/hamilton/execution/graph_functions.py", line 311, in execute_lifecycle_for_node
    result = __adapter.call_lifecycle_method_sync(
        "do_node_execute",
    ...<3 lines>...
        task_id=__task_id,
    )
  File "/Users/paulheyse/CodeIntel/CodeIntel/.venv/lib/python3.13/site-packages/hamilton/lifecycle/base.py", line 1079, in call_lifecycle_method_sync
    return getattr(adapter, method_name)(**kwargs)
           ~~~~~~~~~~~~~~~~~~~~~~~~~~~~~^^^^^^^^^^
  File "/Users/paulheyse/CodeIntel/CodeIntel/src/codeintel/build/hamilton/cache_adapter.py", line 302, in do_node_execute
    result = super().do_node_execute(
        run_id=run_id,
    ...<3 lines>...
        **future_kwargs,
    )
  File "/Users/paulheyse/CodeIntel/CodeIntel/.venv/lib/python3.13/site-packages/hamilton/caching/adapter.py", line 1275, in do_node_execute
    result = self._execute_node(
        run_id=run_id,
    ...<3 lines>...
        task_id=task_id,
    )
  File "/Users/paulheyse/CodeIntel/CodeIntel/.venv/lib/python3.13/site-packages/hamilton/caching/adapter.py", line 846, in _execute_node
    result = node_callable(**node_kwargs)
  File "/Users/paulheyse/CodeIntel/CodeIntel/src/codeintel/build/hamilton/native/graphs/cpg2/assemble.py", line 345, in cpg2_edges__frames
    cpg2_edges__cdg_edges(core.flow.cdg_edges, core.flow.cfg_blocks, core.flow.goids),
    ~~~~~~~~~~~~~~~~~~~~~^^^^^^^^^^^^^^^^^^^^^^^^^^^^^^^^^^^^^^^^^^^^^^^^^^^^^^^^^^^^
  File "/Users/paulheyse/CodeIntel/CodeIntel/src/codeintel/build/hamilton/native/graphs/cpg2/planes/flow.py", line 342, in cpg2_edges__cdg_edges
    selected = joined.select(
        [
    ...<9 lines>...
        ]
    )
  File "pyarrow/table.pxi", line 4372, in pyarrow.lib.Table.select
  File "pyarrow/table.pxi", line 1733, in pyarrow.lib._Tabular._ensure_integer_index
KeyError: 'Field "ordinal" does not exist in schema'
2026-01-06 03:04:45,840 ERROR codeintel.build.hamilton.hooks.telemetry_hook build.node.error run_id=hamilton-019b924d90107e129bb5e0de3ca11769 node_name=cpg2_edges__frames target=None table_key=None exception_type=KeyError error='Field "ordinal" does not exist in schema'
2026-01-06 03:04:45,840 ERROR hamilton.driver -------------------------------------------------------------------
Oh no an error! Need help with Hamilton?
Join our slack and ask for help! https://join.slack.com/t/hamilton-opensource/shared_invite/zt-2niepkra8-DGKGf_tTYhXuJWBTXtIs4g
-------------------------------------------------------------------

2026-01-06 03:04:45,841 ERROR codeintel.build.hamilton.executor build.hamilton.executor.error run_id=hamilton-019b924d90107e129bb5e0de3ca11769
Traceback (most recent call last):
  File "/Users/paulheyse/CodeIntel/CodeIntel/src/codeintel/build/hamilton/executor.py", line 1896, in _execute_dag
    outputs = context.runtime.driver.execute(
        list(final_vars),
        inputs=input_mapping,
    )
  File "/Users/paulheyse/CodeIntel/CodeIntel/.venv/lib/python3.13/site-packages/hamilton/driver.py", line 663, in execute
    raise e
  File "/Users/paulheyse/CodeIntel/CodeIntel/.venv/lib/python3.13/site-packages/hamilton/driver.py", line 649, in execute
    outputs = self.__raw_execute(
        _final_vars, overrides, display_graph, inputs=inputs, _run_id=run_id
    )
  File "/Users/paulheyse/CodeIntel/CodeIntel/.venv/lib/python3.13/site-packages/hamilton/driver.py", line 860, in __raw_execute
    raise e
  File "/Users/paulheyse/CodeIntel/CodeIntel/.venv/lib/python3.13/site-packages/hamilton/driver.py", line 851, in __raw_execute
    results = self.graph_executor.execute(
        function_graph,
    ...<3 lines>...
        run_id,
    )
  File "/Users/paulheyse/CodeIntel/CodeIntel/.venv/lib/python3.13/site-packages/hamilton/driver.py", line 192, in execute
    fg.execute(nodes, memoized_computation, overrides, inputs, run_id=run_id)
    ~~~~~~~~~~^^^^^^^^^^^^^^^^^^^^^^^^^^^^^^^^^^^^^^^^^^^^^^^^^^^^^^^^^^^^^^^
  File "/Users/paulheyse/CodeIntel/CodeIntel/.venv/lib/python3.13/site-packages/hamilton/graph.py", line 1116, in execute
    return graph_functions.execute_subdag(
           ~~~~~~~~~~~~~~~~~~~~~~~~~~~~~~^
        nodes=nodes,
        ^^^^^^^^^^^^
    ...<4 lines>...
        run_id=run_id,
        ^^^^^^^^^^^^^^
    )
    ^
  File "/Users/paulheyse/CodeIntel/CodeIntel/.venv/lib/python3.13/site-packages/hamilton/execution/graph_functions.py", line 267, in execute_subdag
    dfs_traverse(final_var_node, dep_type)
    ~~~~~~~~~~~~^^^^^^^^^^^^^^^^^^^^^^^^^^
  File "/Users/paulheyse/CodeIntel/CodeIntel/.venv/lib/python3.13/site-packages/hamilton/execution/graph_functions.py", line 206, in dfs_traverse
    dfs_traverse(n, node_dependency_type)
    ~~~~~~~~~~~~^^^^^^^^^^^^^^^^^^^^^^^^^
  File "/Users/paulheyse/CodeIntel/CodeIntel/.venv/lib/python3.13/site-packages/hamilton/execution/graph_functions.py", line 206, in dfs_traverse
    dfs_traverse(n, node_dependency_type)
    ~~~~~~~~~~~~^^^^^^^^^^^^^^^^^^^^^^^^^
  File "/Users/paulheyse/CodeIntel/CodeIntel/.venv/lib/python3.13/site-packages/hamilton/execution/graph_functions.py", line 206, in dfs_traverse
    dfs_traverse(n, node_dependency_type)
    ~~~~~~~~~~~~^^^^^^^^^^^^^^^^^^^^^^^^^
  [Previous line repeated 3 more times]
  File "/Users/paulheyse/CodeIntel/CodeIntel/.venv/lib/python3.13/site-packages/hamilton/execution/graph_functions.py", line 239, in dfs_traverse
    result = execute_lifecycle_for_node_partial(**kwargs)
  File "/Users/paulheyse/CodeIntel/CodeIntel/.venv/lib/python3.13/site-packages/hamilton/execution/graph_functions.py", line 311, in execute_lifecycle_for_node
    result = __adapter.call_lifecycle_method_sync(
        "do_node_execute",
    ...<3 lines>...
        task_id=__task_id,
    )
  File "/Users/paulheyse/CodeIntel/CodeIntel/.venv/lib/python3.13/site-packages/hamilton/lifecycle/base.py", line 1079, in call_lifecycle_method_sync
    return getattr(adapter, method_name)(**kwargs)
           ~~~~~~~~~~~~~~~~~~~~~~~~~~~~~^^^^^^^^^^
  File "/Users/paulheyse/CodeIntel/CodeIntel/src/codeintel/build/hamilton/cache_adapter.py", line 302, in do_node_execute
    result = super().do_node_execute(
        run_id=run_id,
    ...<3 lines>...
        **future_kwargs,
    )
  File "/Users/paulheyse/CodeIntel/CodeIntel/.venv/lib/python3.13/site-packages/hamilton/caching/adapter.py", line 1275, in do_node_execute
    result = self._execute_node(
        run_id=run_id,
    ...<3 lines>...
        task_id=task_id,
    )
  File "/Users/paulheyse/CodeIntel/CodeIntel/.venv/lib/python3.13/site-packages/hamilton/caching/adapter.py", line 846, in _execute_node
    result = node_callable(**node_kwargs)
  File "/Users/paulheyse/CodeIntel/CodeIntel/src/codeintel/build/hamilton/native/graphs/cpg2/assemble.py", line 345, in cpg2_edges__frames
    cpg2_edges__cdg_edges(core.flow.cdg_edges, core.flow.cfg_blocks, core.flow.goids),
    ~~~~~~~~~~~~~~~~~~~~~^^^^^^^^^^^^^^^^^^^^^^^^^^^^^^^^^^^^^^^^^^^^^^^^^^^^^^^^^^^^
  File "/Users/paulheyse/CodeIntel/CodeIntel/src/codeintel/build/hamilton/native/graphs/cpg2/planes/flow.py", line 342, in cpg2_edges__cdg_edges
    selected = joined.select(
        [
    ...<9 lines>...
        ]
    )
  File "pyarrow/table.pxi", line 4372, in pyarrow.lib.Table.select
  File "pyarrow/table.pxi", line 1733, in pyarrow.lib._Tabular._ensure_integer_index
KeyError: 'Field "ordinal" does not exist in schema'
2026-01-06 03:04:49,584 WARNING codeintel.build.hamilton.diagnostics build.diagnostics.cache_view_failed run_id=hamilton-019b924d90107e129bb5e0de3ca11769 error='hamilton-019b924d90107e129bb5e0de3ca11769'
